ubigeo,departamento,provincia,distrito,tipomuni,MONTO_AUTORIZADO,MONTO_ACREDITADO,MUNICIPALIDAD,DEPARTAMENTO_MEF,ACREDITACION_PCT
010101,AMAZONAS,CHACHAPOYAS,CHACHAPOYAS,1,20418557.6,20396056.85,MUNICIPALIDAD PROVINCIAL DE CHACHAPOYAS,AMAZONAS,99.8898024510801
010102,AMAZONAS,CHACHAPOYAS,ASUNCION,2,599031.3,599375.2,MUNICIPALIDAD DISTRITAL DE ASUNCION,AMAZONAS,100.0574093540688
010103,AMAZONAS,CHACHAPOYAS,BALSAS,2,604515.32,604706.5,MUNICIPALIDAD DISTRITAL DE BALSAS,AMAZONAS,100.0316253358145
010104,AMAZONAS,CHACHAPOYAS,CHETO,2,735512.76,735704.5599999999,MUNICIPALIDAD DISTRITAL DE CHETO,AMAZONAS,100.02607704589653
010105,AMAZONAS,CHACHAPOYAS,CHILIQUIN,2,641171.34,641793.0599999999,MUNICIPALIDAD DISTRITAL DE CHILIQUIN,AMAZONAS,100.09696628049531
010106,AMAZONAS,CHACHAPOYAS,CHUQUIBAMBA,2,631343.26,631525.13,MUNICIPALIDAD DISTRITAL DE CHUQUIBAMBA,AMAZONAS,100.02880683322729
010107,AMAZONAS,CHACHAPOYAS,GRANADA,2,605946.87,606097.91,MUNICIPALIDAD DISTRITAL DE GRANADA,AMAZONAS,100.02492627777745
010108,AMAZONAS,CHACHAPOYAS,HUANCAS,2,882562.73,884025.49,MUNICIPALIDAD DISTRITAL DE HUANCAS,AMAZONAS,100.16574006019947
010109,AMAZONAS,CHACHAPOYAS,LA JALCA,2,1480071.97,1480533.17,MUNICIPALIDAD DISTRITAL DE LA JALCA,AMAZONAS,100.03116064687043
010110,AMAZONAS,CHACHAPOYAS,LEIMEBAMBA,2,913388.9,913835.34,MUNICIPALIDAD DISTRITAL DE LEIMEBAMBA,AMAZONAS,100.0488773183033
010111,AMAZONAS,CHACHAPOYAS,LEVANTO,2,640000.54,640195.36,MUNICIPALIDAD DISTRITAL DE LEVANTO,AMAZONAS,100.03044059931574
010112,AMAZONAS,CHACHAPOYAS,MAGDALENA,2,636178.85,636485.09,MUNICIPALIDAD DISTRITAL DE MAGDALENA,AMAZONAS,100.04813740664281
010113,AMAZONAS,CHACHAPOYAS,MARISCAL CASTILLA,2,597092.67,597207.7,MUNICIPALIDAD DISTRITAL DE MARISCAL CASTILLA,AMAZONAS,100.01926501626622
010114,AMAZONAS,CHACHAPOYAS,MOLINOPAMPA,2,764358.29,764680.57,MUNICIPALIDAD DISTRITAL DE MOLINOPAMPA,AMAZONAS,100.04216347283942
010115,AMAZONAS,CHACHAPOYAS,MONTEVIDEO,2,603833.84,603981.03,MUNICIPALIDAD DISTRITAL DE MONTEVIDEO,AMAZONAS,100.02437591109502
010116,AMAZONAS,CHACHAPOYAS,OLLEROS,2,600330.95,600478.58,MUNICIPALIDAD DISTRITAL DE OLLEROS,AMAZONAS,100.02459143577389
010117,AMAZONAS,CHACHAPOYAS,QUINJALCA,2,5193958.62,5194283.890000001,MUNICIPALIDAD DISTRITAL DE QUINJALCA,AMAZONAS,100.00626246806719
010118,AMAZONAS,CHACHAPOYAS,SAN FRANCISCO DE DAGUAS,2,606684.27,606941.15,MUNICIPALIDAD DISTRITAL DE SAN FRANCISCO DE DAGUAS,AMAZONAS,100.04234162853768
010119,AMAZONAS,CHACHAPOYAS,SAN ISIDRO DE MAINO,2,690067.45,690304.29,MUNICIPALIDAD DISTRITAL DE SAN ISIDRO DE MAINO,AMAZONAS,100.03432128265143
010120,AMAZONAS,CHACHAPOYAS,SOLOCO,2,632414.69,632773.44,MUNICIPALIDAD DISTRITAL DE SOLOCO,AMAZONAS,100.05672701878572
010121,AMAZONAS,CHACHAPOYAS,SONCHE,2,606413.4,606991.87,MUNICIPALIDAD DISTRITAL DE SONCHE,AMAZONAS,100.09539202135045
010201,AMAZONAS,BAGUA,BAGUA,1,21483866.88,21493651.009999998,MUNICIPALIDAD PROVINCIAL DE BAGUA,AMAZONAS,100.0455417549115
010202,AMAZONAS,BAGUA,ARAMANGO,2,6779617.12,6780218.04,MUNICIPALIDAD DISTRITAL DE ARAMANGO,AMAZONAS,100.00886362739021
010203,AMAZONAS,BAGUA,COPALLIN,2,2449916.6,2450608.43,MUNICIPALIDAD DISTRITAL DE COPALLIN,AMAZONAS,100.02823892045959
010204,AMAZONAS,BAGUA,EL PARCO,2,1040757.35,1041053.97,MUNICIPALIDAD DISTRITAL DE EL PARCO,AMAZONAS,100.02850039925252
010205,AMAZONAS,BAGUA,IMAZA,2,16281949.82,16310247.99,MUNICIPALIDAD DISTRITAL DE IMAZA,AMAZONAS,100.17380086729686
010206,AMAZONAS,BAGUA,LA PECA,2,3102985.15,3103961.18,MUNICIPALIDAD DISTRITAL DE LA PECA,AMAZONAS,100.03145454950051
010301,AMAZONAS,BONGARA,JUMBILLA,1,3864370.14,3867329.44,MUNICIPALIDAD PROVINCIAL DE BONGARA - JUMBILLA,AMAZONAS,100.07657910326364
010302,AMAZONAS,BONGARA,CHISQUILLA,2,603469.13,603800.11,MUNICIPALIDAD DISTRITAL DE CHISQUILLA,AMAZONAS,100.05484621889441
010303,AMAZONAS,BONGARA,CHURUJA,2,620854.96,621057.51,MUNICIPALIDAD DISTRITAL DE CHURUJA,AMAZONAS,100.03262436688918
010304,AMAZONAS,BONGARA,COROSHA,2,616890.28,617411.99,MUNICIPALIDAD DISTRITAL DE COROSHA,AMAZONAS,100.08457095482198
010305,AMAZONAS,BONGARA,CUISPES,2,614632.38,615145.82,MUNICIPALIDAD DISTRITAL DE CUISPES,AMAZONAS,100.08353611308274
010306,AMAZONAS,BONGARA,FLORIDA,2,6937469.8,6938800.74,MUNICIPALIDAD DISTRITAL DE FLORIDA,AMAZONAS,100.01918480423511
010307,AMAZONAS,BONGARA,JAZAN,2,7001684.58,7002067.42,MUNICIPALIDAD DISTRITAL DE JAZAN,AMAZONAS,100.00546782700114
010308,AMAZONAS,BONGARA,RECTA,2,569957.46,570688.08,MUNICIPALIDAD DISTRITAL DE RECTA,AMAZONAS,100.12818851427964
010309,AMAZONAS,BONGARA,SAN CARLOS,2,623054.8099999999,623383.98,MUNICIPALIDAD DISTRITAL DE SAN CARLOS,AMAZONAS,100.05283162808743
010310,AMAZONAS,BONGARA,SHIPASBAMBA,2,834577.82,835715.85,MUNICIPALIDAD DISTRITAL DE SHIPASBAMBA,AMAZONAS,100.1363599622142
010311,AMAZONAS,BONGARA,VALERA,2,798806.0,799083.72,MUNICIPALIDAD DISTRITAL DE VALERA,AMAZONAS,100.0347668895827
010312,AMAZONAS,BONGARA,YAMBRASBAMBA,2,2680582.25,2681605.5,MUNICIPALIDAD DISTRITAL DE YAMBRASBAMBA,AMAZONAS,100.03817267685034
010401,AMAZONAS,CONDORCANQUI,NIEVA,1,28583238.64,28619902.82,MUNICIPALIDAD PROVINCIAL DE CONDORCANQUI - NIEVA,AMAZONAS,100.12827160862273
010402,AMAZONAS,CONDORCANQUI,EL CENEPA,2,10353118.59,10354484.63,MUNICIPALIDAD DISTRITAL DE EL CENEPA,AMAZONAS,100.01319447843784
010403,AMAZONAS,CONDORCANQUI,RIO SANTIAGO,2,14327702.97,14330509.9,MUNICIPALIDAD DISTRITAL DE RIO SANTIAGO,AMAZONAS,100.01959092818909
010501,AMAZONAS,LUYA,LAMUD,1,7509121.59,7510760.3100000005,MUNICIPALIDAD PROVINCIAL DE LUYA - LAMUD,AMAZONAS,100.02182305853434
010502,AMAZONAS,LUYA,CAMPORREDONDO,2,2103120.79,2103625.81,MUNICIPALIDAD DISTRITAL DE CAMPORREDONDO,AMAZONAS,100.02401288610722
010503,AMAZONAS,LUYA,COCABAMBA,2,923469.74,923803.24,MUNICIPALIDAD DISTRITAL DE COCABAMBA,AMAZONAS,100.03611379837957
010504,AMAZONAS,LUYA,COLCAMAR,2,668020.57,668368.6900000001,MUNICIPALIDAD DISTRITAL DE COLCAMAR,AMAZONAS,100.0521121677436
010505,AMAZONAS,LUYA,CONILA,2,718323.24,718622.63,MUNICIPALIDAD DISTRITAL DE CONILA,AMAZONAS,100.04167900790736
010506,AMAZONAS,LUYA,INGUILPATA,2,591944.23,592210.23,MUNICIPALIDAD DISTRITAL DE INGUILPATA,AMAZONAS,100.04493666573961
010507,AMAZONAS,LUYA,LONGUITA,2,632818.76,633283.12,MUNICIPALIDAD DISTRITAL DE LONGUITA,AMAZONAS,100.07337961978244
010508,AMAZONAS,LUYA,LONYA CHICO,2,738933.98,739088.85,MUNICIPALIDAD DISTRITAL DE LONYA CHICO,AMAZONAS,100.02095857061548
010509,AMAZONAS,LUYA,LUYA,2,1399834.96,1400170.08,MUNICIPALIDAD DISTRITAL DE LUYA,AMAZONAS,100.02393996503703
010510,AMAZONAS,LUYA,LUYA VIEJO,2,603510.59,603933.51,MUNICIPALIDAD DISTRITAL DE LUYA VIEJO,AMAZONAS,100.07007664935921
010511,AMAZONAS,LUYA,MARIA,2,627887.91,628194.55,MUNICIPALIDAD DISTRITAL DE MARIA,AMAZONAS,100.04883674221408
010512,AMAZONAS,LUYA,OCALLI,2,1347934.68,1348963.2,MUNICIPALIDAD DISTRITAL DE OCALLI,AMAZONAS,100.07630340069595
010513,AMAZONAS,LUYA,OCUMAL,2,1471080.81,1471741.33,MUNICIPALIDAD DISTRITAL DE OCUMAL,AMAZONAS,100.04490032060168
010514,AMAZONAS,LUYA,PISUQUIA,2,2061812.81,2062468.8599999999,MUNICIPALIDAD DISTRITAL DE PISUQUIA,AMAZONAS,100.03181908642811
010515,AMAZONAS,LUYA,PROVIDENCIA,2,636589.87,636781.78,MUNICIPALIDAD DISTRITAL DE PROVIDENCIA,AMAZONAS,100.03014656830779
010516,AMAZONAS,LUYA,SAN CRISTOBAL,2,590226.64,590443.78,MUNICIPALIDAD DISTRITAL DE SAN CRISTOBAL,AMAZONAS,100.03678925776715
010517,AMAZONAS,LUYA,SAN FRANCISCO DEL YESO,2,617257.92,617743.66,MUNICIPALIDAD DISTRITAL DE SAN FRANCISCO DEL YESO,AMAZONAS,100.0786931984607
010518,AMAZONAS,LUYA,SAN JERONIMO,2,781020.0,781301.58,MUNICIPALIDAD DISTRITAL DE SAN JERONIMO DE PACLAS,AMAZONAS,100.0360528539602
010519,AMAZONAS,LUYA,SAN JUAN DE LOPECANCHA,2,607127.5599999999,607613.36,MUNICIPALIDAD DISTRITAL DE SAN JUAN DE LOPECANCHA,AMAZONAS,100.08001613367709
010520,AMAZONAS,LUYA,SANTA CATALINA,2,807075.74,807336.65,MUNICIPALIDAD DISTRITAL DE SANTA CATALINA,AMAZONAS,100.03232782093042
010521,AMAZONAS,LUYA,SANTO TOMAS,2,1115413.49,1115782.12,MUNICIPALIDAD DISTRITAL DE SANTO TOMAS,AMAZONAS,100.03304873065505
010522,AMAZONAS,LUYA,TINGO,2,697605.94,697943.0,MUNICIPALIDAD DISTRITAL DE TINGO,AMAZONAS,100.0483166757439
010523,AMAZONAS,LUYA,TRITA,2,625448.14,625913.98,MUNICIPALIDAD DISTRITAL DE TRITA,AMAZONAS,100.0744809953388
010601,AMAZONAS,RODRIGUEZ DE MENDOZA,SAN NICOLAS,1,6365339.01,6366917.76,MUNICIPALIDAD PROVINCIAL DE RODRIGUEZ DE MENDOZA - SAN NICOLAS,AMAZONAS,100.02480229250195
010602,AMAZONAS,RODRIGUEZ DE MENDOZA,CHIRIMOTO,2,1115563.07,1115886.77,MUNICIPALIDAD DISTRITAL DE CHIRIMOTO,AMAZONAS,100.02901673681255
010603,AMAZONAS,RODRIGUEZ DE MENDOZA,COCHAMAL,2,611064.91,611137.09,MUNICIPALIDAD DISTRITAL DE COCHAMAL,AMAZONAS,100.01181216574848
010604,AMAZONAS,RODRIGUEZ DE MENDOZA,HUAMBO,2,1010359.5,1010644.28,MUNICIPALIDAD DISTRITAL DE HUAMBO,AMAZONAS,100.02818600705986
010605,AMAZONAS,RODRIGUEZ DE MENDOZA,LIMABAMBA,2,1228752.54,1229090.12,MUNICIPALIDAD DISTRITAL DE LIMABAMBA,AMAZONAS,100.02747339183527
010606,AMAZONAS,RODRIGUEZ DE MENDOZA,LONGAR,2,608810.9299999999,608917.87,MUNICIPALIDAD DISTRITAL DE LONGAR,AMAZONAS,100.01756538766479
010607,AMAZONAS,RODRIGUEZ DE MENDOZA,MARISCAL BENAVIDES,2,668712.95,669014.02,MUNICIPALIDAD DISTRITAL DE MARISCAL BENAVIDES,AMAZONAS,100.0450223074041
010608,AMAZONAS,RODRIGUEZ DE MENDOZA,MILPUC,2,603651.33,603812.65,MUNICIPALIDAD DISTRITAL DE MILPUC,AMAZONAS,100.02672403620812
010609,AMAZONAS,RODRIGUEZ DE MENDOZA,OMIA,2,8799205.270000001,8800603.270000001,MUNICIPALIDAD DISTRITAL DE OMIA,AMAZONAS,100.01588779846705
010610,AMAZONAS,RODRIGUEZ DE MENDOZA,SANTA ROSA,2,586905.72,587285.48,MUNICIPALIDAD DISTRITAL DE SANTA ROSA,AMAZONAS,100.06470545218063
010611,AMAZONAS,RODRIGUEZ DE MENDOZA,TOTORA,2,636408.07,636552.43,MUNICIPALIDAD DISTRITAL DE TOTORA,AMAZONAS,100.02268355899386
010612,AMAZONAS,RODRIGUEZ DE MENDOZA,VISTA ALEGRE,2,2297167.69,2298154.07,MUNICIPALIDAD DISTRITAL DE VISTA ALEGRE,AMAZONAS,100.0429389636766
010701,AMAZONAS,UTCUBAMBA,BAGUA GRANDE,1,38083371.58,38110721.94,MUNICIPALIDAD PROVINCIAL DE UTCUBAMBA - BAGUA GRANDE,AMAZONAS,100.07181706573051
010702,AMAZONAS,UTCUBAMBA,CAJARURO,2,11595547.44,11597906.58,MUNICIPALIDAD DISTRITAL DE CAJARURO,AMAZONAS,100.02034522313161
010703,AMAZONAS,UTCUBAMBA,CUMBA,2,3932992.64,3933847.09,MUNICIPALIDAD DISTRITAL DE CUMBA,AMAZONAS,100.02172518685414
010704,AMAZONAS,UTCUBAMBA,EL MILAGRO,2,2879533.32,2880330.91,MUNICIPALIDAD DISTRITAL DE EL MILAGRO,AMAZONAS,100.0276985855472
010705,AMAZONAS,UTCUBAMBA,JAMALCA,2,3850312.2,3851806.81,MUNICIPALIDAD DISTRITAL DE JAMALCA,AMAZONAS,100.03881789118294
010706,AMAZONAS,UTCUBAMBA,LONYA GRANDE,2,7360485.86,7362136.81,MUNICIPALIDAD DISTRITAL DE LONYA GRANDE,AMAZONAS,100.02242990519106
010707,AMAZONAS,UTCUBAMBA,YAMON,2,4887167.88,4887538.01,MUNICIPALIDAD DISTRITAL DE YAMON,AMAZONAS,100.00757350696944
020101,ANCASH,HUARAZ,HUARAZ,1,65386502.76,65785869.410000004,MUNICIPALIDAD PROVINCIAL DE HUARAZ,ANCASH,100.61077842236932
020102,ANCASH,HUARAZ,COCHABAMBA,2,2302656.32,2305881.77,MUNICIPALIDAD DISTRITAL DE COCHABAMBA,ANCASH,100.1400751806505
020103,ANCASH,HUARAZ,COLCABAMBA,2,732305.14,732859.48,MUNICIPALIDAD DISTRITAL DE COLCABAMBA,ANCASH,100.07569795290526
020104,ANCASH,HUARAZ,HUANCHAY,2,2231824.4899999998,2237419.66,MUNICIPALIDAD DISTRITAL DE HUANCHAY,ANCASH,100.2506993728705
020105,ANCASH,HUARAZ,INDEPENDENCIA,2,62676911.589999996,63030085.14,MUNICIPALIDAD DISTRITAL DE INDEPENDENCIA,ANCASH,100.56348269409042
020106,ANCASH,HUARAZ,JANGAS,2,3963582.1,3975340.52,MUNICIPALIDAD DISTRITAL DE JANGAS,ANCASH,100.29666144672517
020107,ANCASH,HUARAZ,LA LIBERTAD,2,1912761.12,1915729.31,MUNICIPALIDAD DISTRITAL DE LA LIBERTAD,ANCASH,100.15517829011496
020108,ANCASH,HUARAZ,OLLEROS,2,2626620.12,2633907.59,MUNICIPALIDAD DISTRITAL DE OLLEROS,ANCASH,100.27744666784932
020109,ANCASH,HUARAZ,PAMPAS GRANDE,2,2323856.2,2325453.78,MUNICIPALIDAD DISTRITAL DE PAMPAS,ANCASH,100.06874693881659
020110,ANCASH,HUARAZ,PARIACOTO,2,3927325.1399999997,3941130.05,MUNICIPALIDAD DISTRITAL DE PARIACOTO,ANCASH,100.35150922085357
020111,ANCASH,HUARAZ,PIRA,2,3954414.44,3960202.74,MUNICIPALIDAD DISTRITAL DE PIRA,ANCASH,100.14637565403994
020112,ANCASH,HUARAZ,TARICA,2,7158630.8100000005,7181286.41,MUNICIPALIDAD DISTRITAL DE TARICA,ANCASH,100.3164795140483
020201,ANCASH,AIJA,AIJA,1,4287579.37,4300102.16,MUNICIPALIDAD PROVINCIAL DE AIJA,ANCASH,100.29207132788308
020202,ANCASH,AIJA,CORIS,2,3519311.32,3535250.52,MUNICIPALIDAD DISTRITAL DE CORIS,ANCASH,100.45290679200271
020203,ANCASH,AIJA,HUACLLAN,2,918951.12,921124.72,MUNICIPALIDAD DISTRITAL DE HUACLLAN,ANCASH,100.23653053494293
020204,ANCASH,AIJA,LA MERCED,2,2095415.52,2098755.0,MUNICIPALIDAD DISTRITAL DE LA MERCED,ANCASH,100.15937077720986
020205,ANCASH,AIJA,SUCCHA,2,1288418.29,1291798.06,MUNICIPALIDAD DISTRITAL DE SUCCHA,ANCASH,100.2623193124649
020301,ANCASH,ANTONIO RAYMONDI,LLAMELLIN,1,5060418.37,5079142.79,MUNICIPALIDAD PROVINCIAL DE ANTONIO RAYMONDI - LLAMELLIN,ANCASH,100.37001723238942
020302,ANCASH,ANTONIO RAYMONDI,ACZO,2,1738328.44,1743580.55,MUNICIPALIDAD DISTRITAL DE ACZO,ANCASH,100.30213565395042
020303,ANCASH,ANTONIO RAYMONDI,CHACCHO,2,1984408.02,1986051.29,MUNICIPALIDAD DISTRITAL DE CHACCHO,ANCASH,100.08280907874985
020304,ANCASH,ANTONIO RAYMONDI,CHINGAS,2,1999642.88,2010880.47,MUNICIPALIDAD DISTRITAL DE CHINGAS,ANCASH,100.5619798471215
020305,ANCASH,ANTONIO RAYMONDI,MIRGAS,2,5541749.03,5564019.83,MUNICIPALIDAD DISTRITAL DE MIRGAS,ANCASH,100.40187312488237
020306,ANCASH,ANTONIO RAYMONDI,SAN JUAN DE RONTOY,2,1190388.49,1192145.67,MUNICIPALIDAD DISTRITAL DE SAN JUAN DE RONTOY,ANCASH,100.14761399448679
020401,ANCASH,ASUNCION,CHACAS,1,5192680.81,5205959.77,MUNICIPALIDAD PROVINCIAL DE ASUNCION - CHACAS,ANCASH,100.25572455704243
020402,ANCASH,ASUNCION,ACOCHACA,2,2259429.68,2260655.5500000003,MUNICIPALIDAD DISTRITAL DE ACOCHACA,ANCASH,100.05425572704702
020501,ANCASH,BOLOGNESI,CHIQUIAN,1,5609431.35,5616470.7,MUNICIPALIDAD PROVINCIAL DE BOLOGNESI - CHIQUIAN,ANCASH,100.1254913298832
020502,ANCASH,BOLOGNESI,ABELARDO PARDO LEZAMETA,2,728926.64,730883.49,MUNICIPALIDAD DISTRITAL DE ABELARDO PARDO LEZAMETA,ANCASH,100.26845637031458
020503,ANCASH,BOLOGNESI,ANTONIO RAYMONDI,2,1595898.43,1603539.74,MUNICIPALIDAD DISTRITAL DE ANTONIO RAYMONDI,ANCASH,100.47880929364659
020504,ANCASH,BOLOGNESI,AQUIA,2,2423722.6199999996,2428129.64,MUNICIPALIDAD DISTRITAL DE AQUIA,ANCASH,100.18182856254403
020505,ANCASH,BOLOGNESI,CAJACAY,2,2530089.29,2540154.41,MUNICIPALIDAD DISTRITAL DE CAJACAY,ANCASH,100.3978167900944
020506,ANCASH,BOLOGNESI,CANIS,2,709599.1799999999,710550.74,MUNICIPALIDAD DISTRITAL DE CANIS,ANCASH,100.13409823838862
020507,ANCASH,BOLOGNESI,COLQUIOC,2,2136613.79,2146678.31,MUNICIPALIDAD DISTRITAL DE COLQUIOC,ANCASH,100.47105003473744
020508,ANCASH,BOLOGNESI,HUALLANCA,2,10116188.84,10165443.12,MUNICIPALIDAD DISTRITAL DE HUALLANCA,ANCASH,100.48688573116829
020509,ANCASH,BOLOGNESI,HUASTA,2,1856164.07,1861301.57,MUNICIPALIDAD DISTRITAL DE HUASTA,ANCASH,100.27678048956092
020510,ANCASH,BOLOGNESI,HUAYLLACAYAN,2,2003675.96,2010812.66,MUNICIPALIDAD DISTRITAL DE HUAYLLACAYAN,ANCASH,100.35618034764464
020511,ANCASH,BOLOGNESI,LA PRIMAVERA,2,1257725.9,1265640.16,MUNICIPALIDAD DISTRITAL DE LA PRIMAVERA,ANCASH,100.62925157222253
020512,ANCASH,BOLOGNESI,MANGAS,2,10107965.11,10111117.17,MUNICIPALIDAD DISTRITAL DE MANGAS,ANCASH,100.03118392243837
020513,ANCASH,BOLOGNESI,PACLLON,2,1306634.02,1310977.64,MUNICIPALIDAD DISTRITAL DE PACLLON,ANCASH,100.33242820357607
020514,ANCASH,BOLOGNESI,SAN MIGUEL DE CORPANQUI,2,1268575.92,1273062.93,MUNICIPALIDAD DISTRITAL DE SAN MIGUEL DE CORPANQUI,ANCASH,100.35370449093816
020515,ANCASH,BOLOGNESI,TICLLOS,2,1262658.12,1263854.86,MUNICIPALIDAD DISTRITAL DE TICLLOS,ANCASH,100.09477941661675
020601,ANCASH,CARHUAZ,CARHUAZ,1,24538638.82,24689020.86,MUNICIPALIDAD PROVINCIAL DE CARHUAZ,ANCASH,100.61283774174724
020602,ANCASH,CARHUAZ,ACOPAMPA,2,2403744.94,2411009.87,MUNICIPALIDAD DISTRITAL DE ACOPAMPA,ANCASH,100.30223381354263
020603,ANCASH,CARHUAZ,AMASHCA,2,1791616.83,1803052.16,MUNICIPALIDAD DISTRITAL DE AMASHCA,ANCASH,100.63826873070845
020604,ANCASH,CARHUAZ,ANTA,2,2846455.17,2853365.52,MUNICIPALIDAD DISTRITAL DE ANTA,ANCASH,100.24277037884984
020605,ANCASH,CARHUAZ,ATAQUERO,2,1233419.67,1236382.79,MUNICIPALIDAD DISTRITAL DE ATAQUERO,ANCASH,100.24023615579279
020606,ANCASH,CARHUAZ,MARCARA,2,9847882.91,9886416.709999999,MUNICIPALIDAD DISTRITAL DE MARCARA,ANCASH,100.39129019254351
020607,ANCASH,CARHUAZ,PARIAHUANCA,2,1763540.17,1765453.24,MUNICIPALIDAD DISTRITAL DE PARIAHUANCA,ANCASH,100.10847895798143
020608,ANCASH,CARHUAZ,SAN MIGUEL DE ACO,2,2232678.34,2234312.0,MUNICIPALIDAD DISTRITAL DE SAN MIGUEL DE ACO,ANCASH,100.07317041468679
020609,ANCASH,CARHUAZ,SHILLA,2,2171009.04,2174806.99,MUNICIPALIDAD DISTRITAL DE SHILLA,ANCASH,100.17493939131641
020610,ANCASH,CARHUAZ,TINCO,2,2964901.98,2971171.2399999998,MUNICIPALIDAD DISTRITAL DE TINCO,ANCASH,100.21144914881806
020611,ANCASH,CARHUAZ,YUNGAR,2,2616823.65,2623860.23,MUNICIPALIDAD DISTRITAL DE YUNGAR,ANCASH,100.26889775319785
020701,ANCASH,CARLOS FERMIN FITZCARRALD,SAN LUIS,1,20111579.59,20161592.19,MUNICIPALIDAD PROVINCIAL DE CARLOS FERMIN FITZCARRALD,ANCASH,100.24867564368176
020702,ANCASH,CARLOS FERMIN FITZCARRALD,SAN NICOLAS,2,4236179.73,4262092.64,MUNICIPALIDAD DISTRITAL DE SAN NICOLAS,ANCASH,100.6117046879878
020703,ANCASH,CARLOS FERMIN FITZCARRALD,YAUYA,2,7158205.5200000005,7199522.63,MUNICIPALIDAD DISTRITAL DE YAUYA,ANCASH,100.57719926990863
020801,ANCASH,CASMA,CASMA,1,47539595.02,47630771.480000004,MUNICIPALIDAD PROVINCIAL DE CASMA,ANCASH,100.19179056944351
020802,ANCASH,CASMA,BUENA VISTA ALTA,2,7292780.5,7311833.91,MUNICIPALIDAD DISTRITAL DE BUENA VISTA ALTA,ANCASH,100.26126399937583
020803,ANCASH,CASMA,COMANDANTE NOEL,2,4039678.34,4042881.08,MUNICIPALIDAD DISTRITAL DE COMANDANTE NOEL,ANCASH,100.07928205491727
020804,ANCASH,CASMA,YAUTAN,2,9886183.85,9917193.28,MUNICIPALIDAD DISTRITAL DE YAUTAN,ANCASH,100.31366430637439
020901,ANCASH,CORONGO,CORONGO,1,2980248.65,2983905.15,MUNICIPALIDAD PROVINCIAL DE CORONGO,ANCASH,100.12269110498549
020902,ANCASH,CORONGO,ACO,2,831292.7,833356.01,MUNICIPALIDAD DISTRITAL DE ACO,ANCASH,100.24820499446224
020903,ANCASH,CORONGO,BAMBAS,2,1125440.92,1129525.39,MUNICIPALIDAD DISTRITAL DE BAMBAS,ANCASH,100.36292176047766
020904,ANCASH,CORONGO,CUSCA,2,4050132.21,4063699.25,MUNICIPALIDAD DISTRITAL DE CUSCA,ANCASH,100.33497770681417
020905,ANCASH,CORONGO,LA PAMPA,2,1340588.07,1344319.94,MUNICIPALIDAD DISTRITAL DE LA PAMPA,ANCASH,100.27837559377953
020906,ANCASH,CORONGO,YANAC,2,1024465.0599999999,1024865.93,MUNICIPALIDAD DISTRITAL DE YANAC,ANCASH,100.03912968979148
020907,ANCASH,CORONGO,YUPAN,2,898263.44,900079.32,MUNICIPALIDAD DISTRITAL DE YUPAN,ANCASH,100.2021545038057
021001,ANCASH,HUARI,HUARI,1,57578845.199999996,57897335.42,MUNICIPALIDAD PROVINCIAL DE HUARI,ANCASH,100.5531375610152
021002,ANCASH,HUARI,ANRA,2,10373562.85,10439131.89,MUNICIPALIDAD DISTRITAL DE ANRA,ANCASH,100.63207830277908
021003,ANCASH,HUARI,CAJAY,2,26348728.03,26543044.88,MUNICIPALIDAD DISTRITAL DE CAJAY,ANCASH,100.73748095080246
021004,ANCASH,HUARI,CHAVIN DE HUANTAR,2,84025562.55,84580287.22,MUNICIPALIDAD DISTRITAL DE CHAVIN DE HUANTAR,ANCASH,100.66018560681448
021005,ANCASH,HUARI,HUACACHI,2,18919780.95,18998506.04,MUNICIPALIDAD DISTRITAL DE HUACACHI,ANCASH,100.41609937349725
021006,ANCASH,HUARI,HUACCHIS,2,6451591.16,6469275.7700000005,MUNICIPALIDAD DISTRITAL DE HUACCHIS,ANCASH,100.27411237881354
021007,ANCASH,HUARI,HUACHIS,2,25644116.14,25765899.21,MUNICIPALIDAD DISTRITAL DE HUACHIS,ANCASH,100.4748967339531
021008,ANCASH,HUARI,HUANTAR,2,17440055.05,17518044.6,MUNICIPALIDAD DISTRITAL DE HUANTAR,ANCASH,100.44718637513705
021009,ANCASH,HUARI,MASIN,2,8245567.83,8307249.82,MUNICIPALIDAD DISTRITAL DE MASIN,ANCASH,100.74806236843484
021010,ANCASH,HUARI,PAUCAS,2,9205441.85,9238641.99,MUNICIPALIDAD DISTRITAL DE PAUCAS,ANCASH,100.3606577559338
021011,ANCASH,HUARI,PONTO,2,28219658.2,28497814.28,MUNICIPALIDAD DISTRITAL DE PONTO,ANCASH,100.98568195981906
021012,ANCASH,HUARI,RAHUAPAMPA,2,5566033.7299999995,5586339.75,MUNICIPALIDAD DISTRITAL DE RAHUAPAMPA,ANCASH,100.3648202828983
021013,ANCASH,HUARI,RAPAYAN,2,10116504.6,10189828.23,MUNICIPALIDAD DISTRITAL DE RAPAYAN,ANCASH,100.72479213818576
021014,ANCASH,HUARI,SAN MARCOS,2,354527344.84,358035733.86,MUNICIPALIDAD DISTRITAL DE SAN MARCOS,ANCASH,100.9895961682683
021015,ANCASH,HUARI,SAN PEDRO DE CHANA,2,16174541.16,16296375.84,MUNICIPALIDAD DISTRITAL DE SAN PEDRO DE CHANA,ANCASH,100.75324968291095
021016,ANCASH,HUARI,UCO,2,7836202.18,7895044.04,MUNICIPALIDAD DISTRITAL DE UCO,ANCASH,100.75089767528178
021101,ANCASH,HUARMEY,HUARMEY,1,37309878.41,37439480.84,MUNICIPALIDAD PROVINCIAL DE HUARMEY,ANCASH,100.34736760215566
021102,ANCASH,HUARMEY,COCHAPETI,2,1658786.99,1670541.86,MUNICIPALIDAD DISTRITAL DE COCHAPETI,ANCASH,100.70864252437862
021103,ANCASH,HUARMEY,CULEBRAS,2,4070434.8200000003,4077742.67,MUNICIPALIDAD DISTRITAL DE CULEBRAS,ANCASH,100.17953487337748
021104,ANCASH,HUARMEY,HUAYAN,2,1122564.81,1126725.88,MUNICIPALIDAD DISTRITAL DE HUAYAN,ANCASH,100.37067525749357
021105,ANCASH,HUARMEY,MALVAS,2,1459689.04,1461795.6,MUNICIPALIDAD DISTRITAL DE MALVAS,ANCASH,100.14431566876736
021201,ANCASH,HUAYLAS,CARAZ,1,29776589.87,29847958.92,MUNICIPALIDAD PROVINCIAL DE HUAYLAS - CARAZ,ANCASH,100.23968174432191
021202,ANCASH,HUAYLAS,HUALLANCA,2,11041730.28,11046325.14,MUNICIPALIDAD DISTRITAL DE HUALLANCA,ANCASH,100.0416135866706
021203,ANCASH,HUAYLAS,HUATA,2,1865477.63,1869558.83,MUNICIPALIDAD DISTRITAL DE HUATA,ANCASH,100.2187750704896
021204,ANCASH,HUAYLAS,HUAYLAS,2,1515129.37,1516063.5,MUNICIPALIDAD DISTRITAL DE HUAYLAS,ANCASH,100.06165348111494
021205,ANCASH,HUAYLAS,MATO,2,1704077.13,1706624.09,MUNICIPALIDAD DISTRITAL DE MATO,ANCASH,100.14946271827498
021206,ANCASH,HUAYLAS,PAMPAROMAS,2,9461150.53,9486993.27,MUNICIPALIDAD DISTRITAL DE PAMPAROMAS,ANCASH,100.27314584963062
021207,ANCASH,HUAYLAS,PUEBLO LIBRE,2,9453021.05,9485351.4,MUNICIPALIDAD DISTRITAL DE PUEBLO LIBRE,ANCASH,100.34201076913924
021208,ANCASH,HUAYLAS,SANTA CRUZ,2,5625929.41,5635614.01,MUNICIPALIDAD DISTRITAL DE SANTA CRUZ,ANCASH,100.17214222387479
021209,ANCASH,HUAYLAS,SANTO TORIBIO,2,1294088.96,1298066.3900000001,MUNICIPALIDAD DISTRITAL DE SANTO TORIBIO,ANCASH,100.30735367682915
021210,ANCASH,HUAYLAS,YURACMARCA,2,3683599.26,3690524.31,MUNICIPALIDAD DISTRITAL DE YURACMARCA,ANCASH,100.18799683437878
021301,ANCASH,MARISCAL LUZURIAGA,PISCOBAMBA,1,7704669.99,7724442.8100000005,MUNICIPALIDAD PROVINCIAL DE MARISCAL LUZURIAGA - PISCOBAMBA,ANCASH,100.25663422347307
021302,ANCASH,MARISCAL LUZURIAGA,CASCA,2,9354783.93,9408744.780000001,MUNICIPALIDAD DISTRITAL DE CASCA,ANCASH,100.57682625706569
021303,ANCASH,MARISCAL LUZURIAGA,ELEAZAR GUZMAN BARRON,2,2166937.19,2174567.7199999997,MUNICIPALIDAD DISTRITAL DE ELEAZAR GUZMAN BARRON,ANCASH,100.35213434128194
021304,ANCASH,MARISCAL LUZURIAGA,FIDEL OLIVAS ESCUDERO,2,3090521.14,3098059.66,MUNICIPALIDAD DISTRITAL DE FIDEL OLIVAS ESCUDERO,ANCASH,100.24392390986849
021305,ANCASH,MARISCAL LUZURIAGA,LLAMA,2,2013978.9000000001,2020808.77,MUNICIPALIDAD DISTRITAL DE LLAMA,ANCASH,100.3391232152432
021306,ANCASH,MARISCAL LUZURIAGA,LLUMPA,2,9079118.45,9111158.040000001,MUNICIPALIDAD DISTRITAL DE LLUMPA,ANCASH,100.35289318204678
021307,ANCASH,MARISCAL LUZURIAGA,LUCMA,2,3691643.26,3701307.9499999997,MUNICIPALIDAD DISTRITAL DE LUCMA,ANCASH,100.26179913169616
021308,ANCASH,MARISCAL LUZURIAGA,MUSGA,2,2000155.13,2007439.72,MUNICIPALIDAD DISTRITAL DE MUSGA,ANCASH,100.36420125072999
021401,ANCASH,OCROS,OCROS,1,4259430.5200000005,4271253.73,MUNICIPALIDAD PROVINCIAL DE OCROS,ANCASH,100.27757724758004
021402,ANCASH,OCROS,ACAS,2,1434291.65,1437227.5,MUNICIPALIDAD DISTRITAL DE ACAS,ANCASH,100.2046898899537
021403,ANCASH,OCROS,CAJAMARQUILLA,2,855709.45,857365.96,MUNICIPALIDAD DISTRITAL DE CAJAMARQUILLA,ANCASH,100.19358323085015
021404,ANCASH,OCROS,CARHUAPAMPA,2,952399.59,952901.79,MUNICIPALIDAD DISTRITAL DE CARHUAPAMPA,ANCASH,100.05272996810089
021405,ANCASH,OCROS,COCHAS,2,2890284.36,2898388.27,MUNICIPALIDAD DISTRITAL DE COCHAS,ANCASH,100.28038452244193
021406,ANCASH,OCROS,CONGAS,2,2154389.3000000003,2156482.99,MUNICIPALIDAD DISTRITAL DE CONGAS,ANCASH,100.0971825287101
021407,ANCASH,OCROS,LLIPA,2,804279.43,805199.37,MUNICIPALIDAD DISTRITAL DE LLIPA,ANCASH,100.11438064504522
021408,ANCASH,OCROS,SAN CRISTOBAL DE RAJAN,2,1021749.55,1022085.15,MUNICIPALIDAD DISTRITAL DE SAN CRISTOBAL DE RAJAN,ANCASH,100.03284562249134
021409,ANCASH,OCROS,SAN PEDRO,2,1427992.16,1430510.1300000001,MUNICIPALIDAD DISTRITAL DE SAN PEDRO,ANCASH,100.17632939945553
021410,ANCASH,OCROS,SANTIAGO DE CHILCAS,2,1276254.22,1279143.6099999999,MUNICIPALIDAD DISTRITAL DE SANTIAGO DE CHILCAS,ANCASH,100.22639611722498
021501,ANCASH,PALLASCA,CABANA,1,5898276.9799999995,5906264.58,MUNICIPALIDAD PROVINCIAL DE PALLASCA - CABANA,ANCASH,100.13542259929612
021502,ANCASH,PALLASCA,BOLOGNESI,2,1151826.64,1158690.06,MUNICIPALIDAD DISTRITAL DE BOLOGNESI,ANCASH,100.59587265666994
021503,ANCASH,PALLASCA,CONCHUCOS,2,10281147.01,10334160.0,MUNICIPALIDAD DISTRITAL DE CONCHUCOS,ANCASH,100.51563303149383
021504,ANCASH,PALLASCA,HUACASCHUQUE,2,952936.91,954988.97,MUNICIPALIDAD DISTRITAL DE HUACASCHUQUE,ANCASH,100.21534059374403
021505,ANCASH,PALLASCA,HUANDOVAL,2,1257007.53,1258052.46,MUNICIPALIDAD DISTRITAL DE HUANDOVAL,ANCASH,100.08312838030493
021506,ANCASH,PALLASCA,LACABAMBA,2,999875.3300000001,1000653.68,MUNICIPALIDAD DISTRITAL DE LACABAMBA,ANCASH,100.07784470489935
021507,ANCASH,PALLASCA,LLAPO,2,762535.62,765190.45,MUNICIPALIDAD DISTRITAL DE LLAPO,ANCASH,100.34815816210659
021508,ANCASH,PALLASCA,PALLASCA,2,2401436.14,2402564.86,MUNICIPALIDAD DISTRITAL DE PALLASCA,ANCASH,100.04700187447
021509,ANCASH,PALLASCA,PAMPAS,2,5399380.78,5404065.04,MUNICIPALIDAD DISTRITAL DE PAMPAS,ANCASH,100.0867555038413
021510,ANCASH,PALLASCA,SANTA ROSA,2,985577.58,986187.38,MUNICIPALIDAD DISTRITAL DE SANTA ROSA,ANCASH,100.06187234900372
021511,ANCASH,PALLASCA,TAUCA,2,1927020.91,1928437.41,MUNICIPALIDAD DISTRITAL DE TAUCA,ANCASH,100.07350724595926
021601,ANCASH,POMABAMBA,POMABAMBA,1,19562330.11,19626494.82,MUNICIPALIDAD PROVINCIAL DE POMABAMBA,ANCASH,100.32800136609085
021602,ANCASH,POMABAMBA,HUAYLLAN,2,3225897.34,3233933.14,MUNICIPALIDAD DISTRITAL DE HUAYLLAN,ANCASH,100.2491027814295
021603,ANCASH,POMABAMBA,PAROBAMBA,2,9190717.61,9209968.85,MUNICIPALIDAD DISTRITAL DE PAROBAMBA,ANCASH,100.20946394848487
021604,ANCASH,POMABAMBA,QUINUABAMBA,2,3519796.91,3525679.6,MUNICIPALIDAD DISTRITAL DE QUINUABAMBA,ANCASH,100.16713151782385
021701,ANCASH,RECUAY,RECUAY,1,7373331.87,7384329.16,MUNICIPALIDAD PROVINCIAL DE RECUAY,ANCASH,100.14914953231313
021702,ANCASH,RECUAY,CATAC,2,3766634.88,3774337.89,MUNICIPALIDAD DISTRITAL DE CATAC,ANCASH,100.20450641608247
021703,ANCASH,RECUAY,COTAPARACO,2,1240451.07,1241906.48,MUNICIPALIDAD DISTRITAL DE COTAPARACO,ANCASH,100.11732909384325
021704,ANCASH,RECUAY,HUAYLLAPAMPA,2,1102741.15,1104632.7,MUNICIPALIDAD DISTRITAL DE HUAYLLAPAMPA,ANCASH,100.17153164185449
021705,ANCASH,RECUAY,LLACLLIN,2,1806167.48,1811537.56,MUNICIPALIDAD DISTRITAL DE LLACLLIN,ANCASH,100.29731905039061
021706,ANCASH,RECUAY,MARCA,2,3114294.4400000004,3122371.71,MUNICIPALIDAD DISTRITAL DE MARCA,ANCASH,100.25936115404681
021707,ANCASH,RECUAY,PAMPAS CHICO,2,1148544.48,1151631.94,MUNICIPALIDAD DISTRITAL DE PAMPAS CHICO,ANCASH,100.26881501359007
021708,ANCASH,RECUAY,PARARIN,2,4131526.91,4142596.6700000004,MUNICIPALIDAD DISTRITAL DE PARARIN,ANCASH,100.26793387145094
021709,ANCASH,RECUAY,TAPACOCHA,2,985627.01,987611.5,MUNICIPALIDAD DISTRITAL DE TAPACOCHA,ANCASH,100.2013428994808
021710,ANCASH,RECUAY,TICAPAMPA,2,2271340.97,2275376.46,MUNICIPALIDAD DISTRITAL DE TICAPAMPA,ANCASH,100.17766993389812
021801,ANCASH,SANTA,CHIMBOTE,1,235645664.08,236776684.75,MUNICIPALIDAD PROVINCIAL DEL SANTA - CHIMBOTE,ANCASH,100.47996667980956
021802,ANCASH,SANTA,CACERES DEL PERU,2,7224884.94,7247258.64,MUNICIPALIDAD DISTRITAL DE CACERES DEL PERU,ANCASH,100.3096755198983
021803,ANCASH,SANTA,COISHCO,2,21021027.94,21030003.38,MUNICIPALIDAD DISTRITAL DE COISHCO,ANCASH,100.04269743623203
021804,ANCASH,SANTA,MACATE,2,5135788.65,5141005.59,MUNICIPALIDAD DISTRITAL DE MACATE,ANCASH,100.10158011467234
021805,ANCASH,SANTA,MORO,2,11853871.45,11891746.73,MUNICIPALIDAD DISTRITAL DE MORO,ANCASH,100.3195182279457
021806,ANCASH,SANTA,NEPEÑA,2,14002696.129999999,14033372.33,MUNICIPALIDAD DISTRITAL DE NEPEÑA,ANCASH,100.2190735249498
021807,ANCASH,SANTA,SAMANCO,2,8444300.35,8455115.33,MUNICIPALIDAD DISTRITAL DE SAMANCO,ANCASH,100.1280743170155
021808,ANCASH,SANTA,SANTA,2,19917545.96,19959756.919999998,MUNICIPALIDAD DISTRITAL DE SANTA,ANCASH,100.21192851812552
021809,ANCASH,SANTA,NUEVO CHIMBOTE,2,195590935.31,196532779.06,MUNICIPALIDAD DISTRITAL DE NUEVO CHIMBOTE,ANCASH,100.48153752550303
021901,ANCASH,SIHUAS,SIHUAS,1,9609651.7,9634900.09,MUNICIPALIDAD PROVINCIAL DE SIHUAS,ANCASH,100.2627399076285
021902,ANCASH,SIHUAS,ACOBAMBA,2,1555823.43,1558953.56,MUNICIPALIDAD DISTRITAL DE ACOBAMBA,ANCASH,100.20118799727807
021903,ANCASH,SIHUAS,ALFONSO UGARTE,2,888829.52,890699.29,MUNICIPALIDAD DISTRITAL DE ALFONSO UGARTE,ANCASH,100.21036317515647
021904,ANCASH,SIHUAS,CASHAPAMPA,2,3478949.46,3488579.82,MUNICIPALIDAD DISTRITAL DE CASHAPAMPA,ANCASH,100.27681804840016
021905,ANCASH,SIHUAS,CHINGALPO,2,931775.0499999999,932184.95,MUNICIPALIDAD DISTRITAL DE CHINGALPO,ANCASH,100.04399130455361
021906,ANCASH,SIHUAS,HUAYLLABAMBA,2,2816837.13,2821323.46,MUNICIPALIDAD DISTRITAL DE HUAYLLABAMBA,ANCASH,100.15926834932057
021907,ANCASH,SIHUAS,QUICHES,2,2551138.0100000002,2560448.46,MUNICIPALIDAD DISTRITAL DE QUICHES,ANCASH,100.36495281570438
021908,ANCASH,SIHUAS,RAGASH,2,2560451.47,2565389.39,MUNICIPALIDAD DISTRITAL DE RAGASH,ANCASH,100.1928534892325
021909,ANCASH,SIHUAS,SAN JUAN,2,7901546.14,7912595.28,MUNICIPALIDAD DISTRITAL DE SAN JUAN,ANCASH,100.13983516395692
021910,ANCASH,SIHUAS,SICSIBAMBA,2,1415715.15,1418224.51,MUNICIPALIDAD DISTRITAL DE SICSIBAMBA,ANCASH,100.17725034587643
022001,ANCASH,YUNGAY,YUNGAY,1,27639607.23,27720366.17,MUNICIPALIDAD PROVINCIAL DE YUNGAY,ANCASH,100.2921855557786
022002,ANCASH,YUNGAY,CASCAPARA,2,2035751.94,2038804.91,MUNICIPALIDAD DISTRITAL DE CASCAPARA,ANCASH,100.14996768221181
022003,ANCASH,YUNGAY,MANCOS,2,5402220.34,5412750.39,MUNICIPALIDAD DISTRITAL DE MANCOS,ANCASH,100.19492077955488
022004,ANCASH,YUNGAY,MATACOTO,2,1768409.52,1772372.71,MUNICIPALIDAD DISTRITAL DE MATACOTO,ANCASH,100.22411041985343
022005,ANCASH,YUNGAY,QUILLO,2,16727426.270000001,16776583.41,MUNICIPALIDAD DISTRITAL DE QUILLO,ANCASH,100.29387150902085
022006,ANCASH,YUNGAY,RANRAHIRCA,2,2394477.3400000003,2400812.84,MUNICIPALIDAD DISTRITAL DE RANRAHIRCA,ANCASH,100.26458801234676
022007,ANCASH,YUNGAY,SHUPLUY,2,3033240.21,3044470.32,MUNICIPALIDAD DISTRITAL DE SHUPLUY,ANCASH,100.37023477280093
022008,ANCASH,YUNGAY,YANAMA,2,4794046.67,4807152.26,MUNICIPALIDAD DISTRITAL DE YANAMA,ANCASH,100.27337218225287
030101,APURIMAC,ABANCAY,ABANCAY,1,59655441.2,59705220.71,MUNICIPALIDAD PROVINCIAL DE ABANCAY,APURIMAC,100.08344504541188
030102,APURIMAC,ABANCAY,CHACOCHE,2,1679435.36,1680825.9,MUNICIPALIDAD DISTRITAL DE CHACOCHE,APURIMAC,100.08279806613098
030103,APURIMAC,ABANCAY,CIRCA,2,3152800.7800000003,3156406.68,MUNICIPALIDAD DISTRITAL DE CIRCA,APURIMAC,100.11437132415324
030104,APURIMAC,ABANCAY,CURAHUASI,2,13887624.83,13896451.64,MUNICIPALIDAD DISTRITAL DE CURAHUASI,APURIMAC,100.06355881663028
030105,APURIMAC,ABANCAY,HUANIPACA,2,2711365.9899999998,2713243.85,MUNICIPALIDAD DISTRITAL DE HUANIPACA,APURIMAC,100.06925881666017
030106,APURIMAC,ABANCAY,LAMBRAMA,2,6416857.39,6421957.81,MUNICIPALIDAD DISTRITAL DE LAMBRAMA,APURIMAC,100.07948470240197
030107,APURIMAC,ABANCAY,PICHIRHUA,2,2627918.76,2630546.42,MUNICIPALIDAD DISTRITAL DE PICHIRHUA,APURIMAC,100.09999015342468
030108,APURIMAC,ABANCAY,SAN PEDRO DE CACHORA,2,2230097.35,2231507.42,MUNICIPALIDAD DISTRITAL DE SAN PEDRO DE CACHORA,APURIMAC,100.06322907831803
030109,APURIMAC,ABANCAY,TAMBURCO,2,10929741.6,10934220.2,MUNICIPALIDAD DISTRITAL DE TAMBURCO,APURIMAC,100.04097626608117
030201,APURIMAC,ANDAHUAYLAS,ANDAHUAYLAS,1,59245181.43,59281560.29,MUNICIPALIDAD PROVINCIAL DE ANDAHUAYLAS,APURIMAC,100.06140391357056
030202,APURIMAC,ANDAHUAYLAS,ANDARAPA,2,4136624.24,4142781.91,MUNICIPALIDAD DISTRITAL DE ANDARAPA,APURIMAC,100.14885736878048
030203,APURIMAC,ANDAHUAYLAS,CHIARA,2,1164636.13,1167149.47,MUNICIPALIDAD DISTRITAL DE CHIARA,APURIMAC,100.21580474237908
030204,APURIMAC,ANDAHUAYLAS,HUANCARAMA,2,4893250.54,4897940.56,MUNICIPALIDAD DISTRITAL DE HUANCARAMA,APURIMAC,100.09584671705773
030205,APURIMAC,ANDAHUAYLAS,HUANCARAY,2,3826243.61,3829030.18,MUNICIPALIDAD DISTRITAL DE HUANCARAY,APURIMAC,100.07282782499048
030206,APURIMAC,ANDAHUAYLAS,HUAYANA,2,875383.03,878039.83,MUNICIPALIDAD DISTRITAL DE HUAYANA,APURIMAC,100.30350142839758
030207,APURIMAC,ANDAHUAYLAS,KISHUARA,2,8287396.640000001,8295874.23,MUNICIPALIDAD DISTRITAL DE KISHUARA,APURIMAC,100.10229497112617
030208,APURIMAC,ANDAHUAYLAS,PACOBAMBA,2,2586842.75,2589163.4,MUNICIPALIDAD DISTRITAL DE PACOBAMBA,APURIMAC,100.08970974366339
030209,APURIMAC,ANDAHUAYLAS,PACUCHA,2,8495917.5,8508033.64,MUNICIPALIDAD DISTRITAL DE PACUCHA,APURIMAC,100.14261131890699
030210,APURIMAC,ANDAHUAYLAS,PAMPACHIRI,2,3029500.87,3036988.42,MUNICIPALIDAD DISTRITAL DE PAMPACHIRI,APURIMAC,100.24715457500429
030211,APURIMAC,ANDAHUAYLAS,POMACOCHA,2,1054098.13,1055302.29,MUNICIPALIDAD DISTRITAL DE POMACOCHA,APURIMAC,100.11423604365943
030212,APURIMAC,ANDAHUAYLAS,SAN ANTONIO DE CACHI,2,5682338.48,5688008.22,MUNICIPALIDAD DISTRITAL DE SAN ANTONIO DE CACHI,APURIMAC,100.09977828705479
030213,APURIMAC,ANDAHUAYLAS,SAN JERONIMO,2,16585781.95,16601529.01,MUNICIPALIDAD DISTRITAL DE SAN JERONIMO,APURIMAC,100.09494312687501
030214,APURIMAC,ANDAHUAYLAS,SAN MIGUEL DE CHACCRAMPA,2,2113566.01,2115516.82,MUNICIPALIDAD DISTRITAL DE SAN MIGUEL CHACCRAMPA,APURIMAC,100.09229945933886
030215,APURIMAC,ANDAHUAYLAS,SANTA MARIA DE CHICMO,2,6733018.37,6740336.34,MUNICIPALIDAD DISTRITAL DE SANTA MARIA DE CHICMO,APURIMAC,100.10868780683276
030216,APURIMAC,ANDAHUAYLAS,TALAVERA,2,17272528.509999998,17305352.669999998,MUNICIPALIDAD DISTRITAL DE TALAVERA,APURIMAC,100.19003679733976
030217,APURIMAC,ANDAHUAYLAS,TUMAY HUARACA,2,3561384.33,3569276.93,MUNICIPALIDAD DISTRITAL DE TUMAY HUARACA,APURIMAC,100.22161607028804
030218,APURIMAC,ANDAHUAYLAS,TURPO,2,3024036.39,3029043.52,MUNICIPALIDAD DISTRITAL DE TURPO,APURIMAC,100.1655777032498
030219,APURIMAC,ANDAHUAYLAS,KAQUIABAMBA,2,1196089.52,1197968.8900000001,MUNICIPALIDAD DISTRITAL DE KAQUIABAMBA,APURIMAC,100.15712619904906
030220,APURIMAC,ANDAHUAYLAS,JOSÉ MARÍA ARGUEDAS,2,3989683.75,3995395.88,MUNICIPALIDAD DISTRITAL DE JOSE MARÍA ARGUEDAS,APURIMAC,100.14317250082792
030301,APURIMAC,ANTABAMBA,ANTABAMBA,1,5643804.22,5653839.7,MUNICIPALIDAD PROVINCIAL DE ANTABAMBA,APURIMAC,100.17781410567783
030302,APURIMAC,ANTABAMBA,EL ORO,2,1375081.11,1376750.8,MUNICIPALIDAD DISTRITAL DE EL ORO,APURIMAC,100.12142483725923
030303,APURIMAC,ANTABAMBA,HUAQUIRCA,2,2834349.67,2836765.15,MUNICIPALIDAD DISTRITAL DE HUAQUIRCA,APURIMAC,100.08522166568108
030304,APURIMAC,ANTABAMBA,JUAN ESPINOZA MEDRANO,2,3493274.79,3496217.14,MUNICIPALIDAD DISTRITAL DE JUAN ESPINOZA MEDRANO,APURIMAC,100.08422898789476
030305,APURIMAC,ANTABAMBA,OROPESA,2,3563684.27,3566582.6999999997,MUNICIPALIDAD DISTRITAL DE OROPESA,APURIMAC,100.08133240153735
030306,APURIMAC,ANTABAMBA,PACHACONAS,2,1761282.21,1762829.14,MUNICIPALIDAD DISTRITAL DE PACHACONAS,APURIMAC,100.08782976352211
030307,APURIMAC,ANTABAMBA,SABAINO,2,2412544.9899999998,2414868.53,MUNICIPALIDAD DISTRITAL DE SABAINO,APURIMAC,100.0963107427895
030401,APURIMAC,AYMARAES,CHALHUANCA,1,9509713.72,9517305.79,MUNICIPALIDAD PROVINCIAL DE AYMARAES - CHALHUANCA,APURIMAC,100.07983489538735
030402,APURIMAC,AYMARAES,CAPAYA,2,990987.0700000001,992418.33,MUNICIPALIDAD DISTRITAL DE CAPAYA,APURIMAC,100.1444277169025
030403,APURIMAC,AYMARAES,CARAYBAMBA,2,1462985.54,1464273.05,MUNICIPALIDAD DISTRITAL DE CARAYBAMBA,APURIMAC,100.08800565451932
030404,APURIMAC,AYMARAES,CHAPIMARCA,2,2657084.57,2668225.34,MUNICIPALIDAD DISTRITAL DE CHAPIMARCA,APURIMAC,100.41928548777807
030405,APURIMAC,AYMARAES,COLCABAMBA,2,790761.18,791609.12,MUNICIPALIDAD DISTRITAL DE COLCABAMBA,APURIMAC,100.10723085824723
030406,APURIMAC,AYMARAES,COTARUSE,2,5071568.87,5076623.83,MUNICIPALIDAD DISTRITAL DE COTARUSE,APURIMAC,100.09967251021477
030407,APURIMAC,AYMARAES,IHUAYLLO,2,929511.4299999999,930310.47,MUNICIPALIDAD DISTRITAL DE IHUAYLLO,APURIMAC,100.0859634399547
030408,APURIMAC,AYMARAES,JUSTO APU SAHUARAURA,2,2129994.08,2133177.47,MUNICIPALIDAD DISTRITAL DE JUSTO APU SAHUARAURA,APURIMAC,100.1494553449651
030409,APURIMAC,AYMARAES,LUCRE,2,1554799.04,1558386.33,MUNICIPALIDAD DISTRITAL DE LUCRE,APURIMAC,100.23072370819061
030410,APURIMAC,AYMARAES,POCOHUANCA,2,1900242.47,1902065.6300000001,MUNICIPALIDAD DISTRITAL DE POCOHUANCA,APURIMAC,100.09594354556238
030411,APURIMAC,AYMARAES,SAN JUAN DE CHACÑA,2,840041.15,841833.92,MUNICIPALIDAD DISTRITAL DE SAN JUAN DE CHACÑA,APURIMAC,100.21341454522793
030412,APURIMAC,AYMARAES,SAÑAYCA,2,1247990.4,1250331.42,MUNICIPALIDAD DISTRITAL DE SAÑAYCA,APURIMAC,100.18758317371673
030413,APURIMAC,AYMARAES,SORAYA,2,1212181.0,1213233.39,MUNICIPALIDAD DISTRITAL DE SORAYA,APURIMAC,100.08681789270743
030414,APURIMAC,AYMARAES,TAPAIRIHUA,2,2006665.96,2010155.03,MUNICIPALIDAD DISTRITAL DE TAPAIRIHUA,APURIMAC,100.17387398149715
030415,APURIMAC,AYMARAES,TINTAY,2,2074138.6500000001,2075910.03,MUNICIPALIDAD DISTRITAL DE TINTAY,APURIMAC,100.08540316241636
030416,APURIMAC,AYMARAES,TORAYA,2,1295278.26,1297566.58,MUNICIPALIDAD DISTRITAL DE TORAYA,APURIMAC,100.17666628636228
030417,APURIMAC,AYMARAES,YANACA,2,2182291.43,2184399.45,MUNICIPALIDAD DISTRITAL DE YANACA,APURIMAC,100.09659663100085
030501,APURIMAC,COTABAMBAS,TAMBOBAMBA,1,49091112.64,49109772.839999996,MUNICIPALIDAD PROVINCIAL DE COTABAMBAS - TAMBOBAMBA,APURIMAC,100.03801136090934
030502,APURIMAC,COTABAMBAS,COTABAMBAS,2,14392424.32,14398821.459999999,MUNICIPALIDAD DISTRITAL DE COTABAMBAS,APURIMAC,100.04444796691486
030503,APURIMAC,COTABAMBAS,COYLLURQUI,2,34885367.97,34898312.9,MUNICIPALIDAD DISTRITAL DE COYLLURQUI,APURIMAC,100.0371070473189
030504,APURIMAC,COTABAMBAS,HAQUIRA,2,25637606.720000003,25652140.99,MUNICIPALIDAD DISTRITAL DE HAQUIRA,APURIMAC,100.0566912120883
030505,APURIMAC,COTABAMBAS,MARA,2,19006367.6,19017241.6,MUNICIPALIDAD DISTRITAL DE MARA,APURIMAC,100.05721240496264
030506,APURIMAC,COTABAMBAS,CHALLHUAHUACHO,2,136132123.18,136210404.39,MUNICIPALIDAD DISTRITAL DE CHALLHUAHUACHO,APURIMAC,100.05750384859309
030601,APURIMAC,CHINCHEROS,CHINCHEROS,1,16836753.89,16848398.41,MUNICIPALIDAD PROVINCIAL DE CHINCHEROS,APURIMAC,100.06916131266203
030602,APURIMAC,CHINCHEROS,ANCO-HUALLO,2,8298947.94,8320862.12,MUNICIPALIDAD DISTRITAL DE ANCO HUALLO,APURIMAC,100.26405973574525
030603,APURIMAC,CHINCHEROS,COCHARCAS,2,1486982.69,1488801.98,MUNICIPALIDAD DISTRITAL DE COCHARCAS,APURIMAC,100.12234775913902
030604,APURIMAC,CHINCHEROS,HUACCANA,2,10333518.4,10337186.34,MUNICIPALIDAD DISTRITAL DE HUACCANA,APURIMAC,100.0354955578344
030605,APURIMAC,CHINCHEROS,OCOBAMBA,2,9512122.32,9520431.229999999,MUNICIPALIDAD DISTRITAL DE OCOBAMBA,APURIMAC,100.08735074802948
030606,APURIMAC,CHINCHEROS,ONGOY,2,8843480.01,8846086.75,MUNICIPALIDAD DISTRITAL DE ONGOY,APURIMAC,100.02947640518272
030607,APURIMAC,CHINCHEROS,URANMARCA,2,7960966.930000001,7962933.63,MUNICIPALIDAD DISTRITAL DE URANMARCA,APURIMAC,100.02470428551321
030608,APURIMAC,CHINCHEROS,RANRACANCHA,2,8558798.25,8560098.040000001,MUNICIPALIDAD DISTRITAL DE RANRACANCHA,APURIMAC,100.01518659468344
030609,APURIMAC,CHINCHEROS,ROCCHACC,2,2318202.92,2319922.4,MUNICIPALIDAD DISTRITAL DE ROCCHACC,APURIMAC,100.07417297188117
030610,APURIMAC,CHINCHEROS,EL PORVENIR,2,2739762.22,2742662.34,MUNICIPALIDAD DISTRITAL DE EL PORVENIR,APURIMAC,100.10585298165034
030611,APURIMAC,CHINCHEROS,LOS CHANKAS,2,1344920.99,1345553.1099999999,MUNICIPALIDAD DISTRITAL DE LOS CHANKAS,APURIMAC,100.04700053049213
030612,APURIMAC,CHINCHEROS,AHUAYRO,2,1135042.75,1136839.95,MUNICIPALIDAD DISTRITAL DE AHUAYRO,APURIMAC,100.15833764851588
030701,APURIMAC,GRAU,CHUQUIBAMBILLA,1,10231658.790000001,10242204.97,MUNICIPALIDAD PROVINCIAL DE GRAU - CHUQUIBAMBILLA,APURIMAC,100.1030740001837
030702,APURIMAC,GRAU,CURPAHUASI,2,2372382.36,2373747.75,MUNICIPALIDAD DISTRITAL DE CURPAHUASI,APURIMAC,100.05755353871372
030703,APURIMAC,GRAU,GAMARRA,2,2883950.72,2887976.63,MUNICIPALIDAD DISTRITAL DE GAMARRA,APURIMAC,100.13959704554175
030704,APURIMAC,GRAU,HUAYLLATI,2,1973504.78,1974595.64,MUNICIPALIDAD DISTRITAL DE HUAYLLATI,APURIMAC,100.05527526515543
030705,APURIMAC,GRAU,MAMARA,2,1424365.59,1425803.77,MUNICIPALIDAD DISTRITAL DE MAMARA,APURIMAC,100.10096986406418
030706,APURIMAC,GRAU,MICAELA BASTIDAS,2,1769962.76,1774442.69,MUNICIPALIDAD DISTRITAL DE MICAELA BASTIDAS,APURIMAC,100.25310871512347
030707,APURIMAC,GRAU,PATAYPAMPA,2,1497468.06,1498703.43,MUNICIPALIDAD DISTRITAL DE PATAYPAMPA,APURIMAC,100.08249725206159
030708,APURIMAC,GRAU,PROGRESO,2,6058517.24,6072186.14,MUNICIPALIDAD DISTRITAL DE PROGRESO,APURIMAC,100.2256146092934
030709,APURIMAC,GRAU,SAN ANTONIO,2,731572.86,732017.77,MUNICIPALIDAD DISTRITAL DE SAN ANTONIO,APURIMAC,100.06081554200904
030710,APURIMAC,GRAU,SANTA ROSA,2,761751.15,762958.97,MUNICIPALIDAD DISTRITAL DE SANTA ROSA,APURIMAC,100.15855834283938
030711,APURIMAC,GRAU,TURPAY,2,1090524.55,1092948.92,MUNICIPALIDAD DISTRITAL DE TURPAY,APURIMAC,100.22231228081935
030712,APURIMAC,GRAU,VILCABAMBA,2,1005086.54,1006159.66,MUNICIPALIDAD DISTRITAL DE VILCABAMBA,APURIMAC,100.10676891563983
030713,APURIMAC,GRAU,VIRUNDO,2,891057.78,892192.37,MUNICIPALIDAD DISTRITAL DE VIRUNDO,APURIMAC,100.12733068780344
030714,APURIMAC,GRAU,CURASCO,2,2014655.87,2018458.06,MUNICIPALIDAD DISTRITAL DE CURASCO,APURIMAC,100.18872652429717
040101,AREQUIPA,AREQUIPA,AREQUIPA,1,167332261.86,167509998.94,MUNICIPALIDAD PROVINCIAL DE AREQUIPA,AREQUIPA,100.10621805862439
040102,AREQUIPA,AREQUIPA,ALTO SELVA ALEGRE,2,55959302.08,56175773.519999996,MUNICIPALIDAD DISTRITAL DE ALTO SELVA ALEGRE,AREQUIPA,100.38683727629507
040103,AREQUIPA,AREQUIPA,CAYMA,2,86062307.39,86347313.01,MUNICIPALIDAD DISTRITAL DE CAYMA,AREQUIPA,100.33116195538247
040104,AREQUIPA,AREQUIPA,CERRO COLORADO,2,187947751.99,188933605.02,MUNICIPALIDAD DISTRITAL DE CERRO COLORADO,AREQUIPA,100.5245356858817
040105,AREQUIPA,AREQUIPA,CHARACATO,2,17599702.38,17700990.55,MUNICIPALIDAD DISTRITAL DE CHARACATO,AREQUIPA,100.5755106979258
040106,AREQUIPA,AREQUIPA,CHIGUATA,2,5922676.59,5938176.22,MUNICIPALIDAD DISTRITAL DE CHIGUATA,AREQUIPA,100.2616997528815
040107,AREQUIPA,AREQUIPA,JACOBO HUNTER,2,37559976.08,37706155.86,MUNICIPALIDAD DISTRITAL DE JACOBO HUNTER,AREQUIPA,100.38919029045346
040108,AREQUIPA,AREQUIPA,LA JOYA,2,71828893.71,71876191.42,MUNICIPALIDAD DISTRITAL DE LA JOYA,AREQUIPA,100.0658477495017
040109,AREQUIPA,AREQUIPA,MARIANO MELGAR,2,45506117.27,45629631.589999996,MUNICIPALIDAD DISTRITAL DE MARIANO MELGAR,AREQUIPA,100.27142355228233
040110,AREQUIPA,AREQUIPA,MIRAFLORES,2,39379506.22,39490612.93,MUNICIPALIDAD DISTRITAL DE MIRAFLORES,AREQUIPA,100.2821434818895
040111,AREQUIPA,AREQUIPA,MOLLEBAYA,2,10129779.97,10147752.7,MUNICIPALIDAD DISTRITAL DE MOLLEBAYA,AREQUIPA,100.17742468299633
040112,AREQUIPA,AREQUIPA,PAUCARPATA,2,79164172.46,79316817.95,MUNICIPALIDAD DISTRITAL DE PAUCARPATA,AREQUIPA,100.19282143077683
040113,AREQUIPA,AREQUIPA,POCSI,2,1722431.22,1724747.16,MUNICIPALIDAD DISTRITAL DE POCSI,AREQUIPA,100.13445761857476
040114,AREQUIPA,AREQUIPA,POLOBAYA,2,2200256.77,2202500.96,MUNICIPALIDAD DISTRITAL DE POLOBAYA,AREQUIPA,100.10199673195415
040115,AREQUIPA,AREQUIPA,QUEQUEÑA,2,10594510.81,10631963.110000001,MUNICIPALIDAD DISTRITAL DE QUEQUE¥A,AREQUIPA,100.35350664765616
040116,AREQUIPA,AREQUIPA,SABANDIA,2,5272517.37,5284732.95,MUNICIPALIDAD DISTRITAL DE SABANDIA,AREQUIPA,100.2316840162444
040117,AREQUIPA,AREQUIPA,SACHACA,2,30256320.78,30379130.69,MUNICIPALIDAD DISTRITAL DE SACHACA,AREQUIPA,100.40589836052101
040118,AREQUIPA,AREQUIPA,SAN JUAN DE SIGUAS,2,1598715.97,1601064.66,MUNICIPALIDAD DISTRITAL DE SAN JUAN DE SIGUAS,AREQUIPA,100.14691102385122
040119,AREQUIPA,AREQUIPA,SAN JUAN DE TARUCANI,2,5901170.21,5913377.24,MUNICIPALIDAD DISTRITAL DE SAN JUAN DE TARUCANI,AREQUIPA,100.20685778524596
040120,AREQUIPA,AREQUIPA,SANTA ISABEL DE SIGUAS,2,2046147.1,2053765.71,MUNICIPALIDAD DISTRITAL DE SANTA ISABEL DE SIGUAS,AREQUIPA,100.37233931030667
040121,AREQUIPA,AREQUIPA,SANTA RITA DE SIGUAS,2,9103806.62,9118660.95,MUNICIPALIDAD DISTRITAL DE SANTA RITA DE SIGUAS,AREQUIPA,100.16316614159363
040122,AREQUIPA,AREQUIPA,SOCABAYA,2,59220640.190000005,59593851.949999996,MUNICIPALIDAD DISTRITAL DE SOCABAYA,AREQUIPA,100.63020554793498
040123,AREQUIPA,AREQUIPA,TIABAYA,2,50930882.51,51136077.010000005,MUNICIPALIDAD DISTRITAL DE TIABAYA,AREQUIPA,100.40288816899987
040124,AREQUIPA,AREQUIPA,UCHUMAYO,2,63379772.32,63530243.65,MUNICIPALIDAD DISTRITAL DE UCHUMAYO,AREQUIPA,100.23741222868438
040125,AREQUIPA,AREQUIPA,VITOR,2,12021690.450000001,12045871.930000002,MUNICIPALIDAD DISTRITAL DE VITOR,AREQUIPA,100.20114874942568
040126,AREQUIPA,AREQUIPA,YANAHUARA,2,6067792.7700000005,6075024.16,MUNICIPALIDAD DISTRITAL DE YANAHUARA,AREQUIPA,100.11917661453029
040127,AREQUIPA,AREQUIPA,YARABAMBA,2,71317494.15,72549261.74000001,MUNICIPALIDAD DISTRITAL DE YARABAMBA,AREQUIPA,101.72716050203512
040128,AREQUIPA,AREQUIPA,YURA,2,43374820.29,43496790.21,MUNICIPALIDAD DISTRITAL DE YURA,AREQUIPA,100.28119982788292
040129,AREQUIPA,AREQUIPA,JOSE LUIS BUSTAMANTE Y RIVERO,2,53837041.910000004,53948336.589999996,MUNICIPALIDAD DISTRITAL DE JOSE LUIS BUSTAMANTE Y RIVERO,AREQUIPA,100.20672510236734
040201,AREQUIPA,CAMANA,CAMANA,1,15356577.06,15367954.0,MUNICIPALIDAD PROVINCIAL DE CAMANA,AREQUIPA,100.07408512948913
040202,AREQUIPA,CAMANA,JOSE MARIA QUIMPER,2,4510900.48,4513705.25,MUNICIPALIDAD DISTRITAL DE JOSE MARIA QUIMPER,AREQUIPA,100.06217760760707
040203,AREQUIPA,CAMANA,MARIANO NICOLAS VALCARCEL,2,11125968.34,11132694.75,MUNICIPALIDAD DISTRITAL DE MARIANO NICOLAS VALCARCEL,AREQUIPA,100.06045685008664
040204,AREQUIPA,CAMANA,MARISCAL CACERES,2,6703590.17,6711164.2,MUNICIPALIDAD DISTRITAL DE MARISCAL CACERES,AREQUIPA,100.11298468146062
040205,AREQUIPA,CAMANA,NICOLAS DE PIEROLA,2,6226016.73,6233017.89,MUNICIPALIDAD DISTRITAL DE NICOLAS DE PIEROLA,AREQUIPA,100.1124500672519
040206,AREQUIPA,CAMANA,OCOÑA,2,4323554.06,4328135.81,MUNICIPALIDAD DISTRITAL DE OCOÑA,AREQUIPA,100.10597184483915
040207,AREQUIPA,CAMANA,QUILCA,2,2479515.06,2482674.08,MUNICIPALIDAD DISTRITAL DE QUILCA,AREQUIPA,100.12740475147588
040208,AREQUIPA,CAMANA,SAMUEL PASTOR,2,15556373.78,15586524.049999999,MUNICIPALIDAD DISTRITAL DE SAMUEL PASTOR,AREQUIPA,100.19381296969583
040301,AREQUIPA,CARAVELI,CARAVELI,1,9246541.709999999,9269961.82,MUNICIPALIDAD PROVINCIAL DE CARAVELI,AREQUIPA,100.2532850738636
040302,AREQUIPA,CARAVELI,ACARI,2,6623043.0200000005,6641454.38,MUNICIPALIDAD DISTRITAL DE ACARI,AREQUIPA,100.27798943694616
040303,AREQUIPA,CARAVELI,ATICO,2,9967957.24,9991831.15,MUNICIPALIDAD DISTRITAL DE ATICO,AREQUIPA,100.23950654507422
040304,AREQUIPA,CARAVELI,ATIQUIPA,2,2524221.15,2532625.58,MUNICIPALIDAD DISTRITAL DE ATIQUIPA,AREQUIPA,100.3329514135479
040305,AREQUIPA,CARAVELI,BELLA UNION,2,8029498.57,8034150.93,MUNICIPALIDAD DISTRITAL DE BELLA UNION,AREQUIPA,100.0579408534598
040306,AREQUIPA,CARAVELI,CAHUACHO,2,1228037.48,1230084.15,MUNICIPALIDAD DISTRITAL DE CAHUACHO,AREQUIPA,100.1666618513956
040307,AREQUIPA,CARAVELI,CHALA,2,12300570.07,12345877.209999999,MUNICIPALIDAD DISTRITAL DE CHALA,AREQUIPA,100.36833366049025
040308,AREQUIPA,CARAVELI,CHAPARRA,2,7359173.54,7367738.1,MUNICIPALIDAD DISTRITAL DE CHAPARRA,AREQUIPA,100.11637937267614
040309,AREQUIPA,CARAVELI,HUANUHUANU,2,6861234.430000001,6889045.23,MUNICIPALIDAD DISTRITAL DE HUANUHUANU,AREQUIPA,100.40533230985957
040310,AREQUIPA,CARAVELI,JAQUI,2,1740209.48,1742931.01,MUNICIPALIDAD DISTRITAL DE JAQUI,AREQUIPA,100.15639094208359
040311,AREQUIPA,CARAVELI,LOMAS,2,3934847.62,3942972.3,MUNICIPALIDAD DISTRITAL DE LOMAS,AREQUIPA,100.2064801686018
040312,AREQUIPA,CARAVELI,QUICACHA,2,2593818.46,2596724.69,MUNICIPALIDAD DISTRITAL DE QUICACHA,AREQUIPA,100.11204446436086
040313,AREQUIPA,CARAVELI,YAUCA,2,2906262.85,2909070.84,MUNICIPALIDAD DISTRITAL DE YAUCA,AREQUIPA,100.0966185835531
040401,AREQUIPA,CASTILLA,APLAO,1,12825806.47,12844629.34,MUNICIPALIDAD PROVINCIAL DE CASTILLA - APLAO,AREQUIPA,100.14675778902502
040402,AREQUIPA,CASTILLA,ANDAGUA,2,3395807.72,3398548.58,MUNICIPALIDAD DISTRITAL DE ANDAGUA,AREQUIPA,100.08071305050215
040403,AREQUIPA,CASTILLA,AYO,2,824853.26,825366.33,MUNICIPALIDAD DISTRITAL DE AYO,AREQUIPA,100.06220136658004
040404,AREQUIPA,CASTILLA,CHACHAS,2,3428491.33,3430628.03,MUNICIPALIDAD DISTRITAL DE CHACHAS,AREQUIPA,100.06232187263545
040405,AREQUIPA,CASTILLA,CHILCAYMARCA,2,2661846.81,2664534.08,MUNICIPALIDAD DISTRITAL DE CHILCAYMARCA,AREQUIPA,100.10095509590951
040406,AREQUIPA,CASTILLA,CHOCO,2,1799731.96,1805844.71,MUNICIPALIDAD DISTRITAL DE CHOCO,AREQUIPA,100.33964779955345
040407,AREQUIPA,CASTILLA,HUANCARQUI,2,2127382.34,2130202.36,MUNICIPALIDAD DISTRITAL DE HUANCARQUI,AREQUIPA,100.13255821236159
040408,AREQUIPA,CASTILLA,MACHAGUAY,2,951956.5599999999,953790.25,MUNICIPALIDAD DISTRITAL DE MACHAGUAY,AREQUIPA,100.1926232852474
040409,AREQUIPA,CASTILLA,ORCOPAMPA,2,7801585.95,7817593.43,MUNICIPALIDAD DISTRITAL DE ORCOPAMPA,AREQUIPA,100.2051823834614
040410,AREQUIPA,CASTILLA,PAMPACOLCA,2,1655586.22,1657599.89,MUNICIPALIDAD DISTRITAL DE PAMPACOLCA,AREQUIPA,100.12162882099852
040411,AREQUIPA,CASTILLA,TIPAN,2,824701.03,825132.97,MUNICIPALIDAD DISTRITAL DE TIPAN,AREQUIPA,100.05237534382611
040412,AREQUIPA,CASTILLA,UÑON,2,913572.23,916015.31,MUNICIPALIDAD DISTRITAL DE UÑON,AREQUIPA,100.26742056290394
040413,AREQUIPA,CASTILLA,URACA,2,6403572.84,6411186.24,MUNICIPALIDAD DISTRITAL DE URACA,AREQUIPA,100.11889300223842
040414,AREQUIPA,CASTILLA,VIRACO,2,1408233.71,1409883.43,MUNICIPALIDAD DISTRITAL DE VIRACO,AREQUIPA,100.11714816853802
040501,AREQUIPA,CAYLLOMA,CHIVAY,1,29037579.71,29053770.7,MUNICIPALIDAD PROVINCIAL DE CAYLLOMA - CHIVAY,AREQUIPA,100.05575874491504
040502,AREQUIPA,CAYLLOMA,ACHOMA,2,1270079.58,1271111.68,MUNICIPALIDAD DISTRITAL DE ACHOMA,AREQUIPA,100.0812626245042
040503,AREQUIPA,CAYLLOMA,CABANACONDE,2,2783623.38,2787438.01,MUNICIPALIDAD DISTRITAL DE CABANACONDE,AREQUIPA,100.13703829431121
040504,AREQUIPA,CAYLLOMA,CALLALLI,2,3008233.63,3016940.35,MUNICIPALIDAD DISTRITAL DE CALLALLI,AREQUIPA,100.28942964778969
040505,AREQUIPA,CAYLLOMA,CAYLLOMA,2,7761726.69,7772851.17,MUNICIPALIDAD DISTRITAL DE CAYLLOMA,AREQUIPA,100.14332480959851
040506,AREQUIPA,CAYLLOMA,COPORAQUE,2,1617202.33,1617719.35,MUNICIPALIDAD DISTRITAL DE COPORAQUE,AREQUIPA,100.03197002566772
040507,AREQUIPA,CAYLLOMA,HUAMBO,2,1634563.56,1635574.71,MUNICIPALIDAD DISTRITAL DE HUAMBO,AREQUIPA,100.06186054949126
040508,AREQUIPA,CAYLLOMA,HUANCA,2,2148537.62,2149071.65,MUNICIPALIDAD DISTRITAL DE HUANCA,AREQUIPA,100.02485551079157
040509,AREQUIPA,CAYLLOMA,ICHUPAMPA,2,1184525.04,1185615.69,MUNICIPALIDAD DISTRITAL DE ICHUPAMPA,AREQUIPA,100.09207487922754
040510,AREQUIPA,CAYLLOMA,LARI,2,1547376.05,1551189.23,MUNICIPALIDAD DISTRITAL DE LARI,AREQUIPA,100.24642878503903
040511,AREQUIPA,CAYLLOMA,LLUTA,2,2726558.94,2728664.29,MUNICIPALIDAD DISTRITAL DE LLUTA,AREQUIPA,100.077216375891
040512,AREQUIPA,CAYLLOMA,MACA,2,1141305.15,1142033.29,MUNICIPALIDAD DISTRITAL DE MACA,AREQUIPA,100.06379888849183
040513,AREQUIPA,CAYLLOMA,MADRIGAL,2,1646757.3900000001,1649549.23,MUNICIPALIDAD DISTRITAL DE MADRIGAL,AREQUIPA,100.16953559868341
040514,AREQUIPA,CAYLLOMA,SAN ANTONIO DE CHUCA,2,2310722.75,2315204.07,MUNICIPALIDAD DISTRITAL DE SAN ANTONIO DE CHUCA,AREQUIPA,100.19393585838023
040515,AREQUIPA,CAYLLOMA,SIBAYO,2,1374877.87,1376824.5,MUNICIPALIDAD DISTRITAL DE SIBAYO,AREQUIPA,100.14158566680544
040516,AREQUIPA,CAYLLOMA,TAPAY,2,2948616.7,2954753.45,MUNICIPALIDAD DISTRITAL DE TAPAY,AREQUIPA,100.20812301578567
040517,AREQUIPA,CAYLLOMA,TISCO,2,3071897.44,3082541.36,MUNICIPALIDAD DISTRITAL DE TISCO,AREQUIPA,100.34649333865782
040518,AREQUIPA,CAYLLOMA,TUTI,2,1237205.95,1237617.6300000001,MUNICIPALIDAD DISTRITAL DE TUTI,AREQUIPA,100.03327497737949
040519,AREQUIPA,CAYLLOMA,YANQUE,2,3831591.0,3837816.17,MUNICIPALIDAD DISTRITAL DE YANQUE,AREQUIPA,100.1624695850888
040520,AREQUIPA,CAYLLOMA,MAJES,2,91487274.83,91725241.85,MUNICIPALIDAD DISTRITAL DE MAJES,AREQUIPA,100.26010942007201
040601,AREQUIPA,CONDESUYOS,CHUQUIBAMBA,1,6222573.03,6228114.5200000005,MUNICIPALIDAD PROVINCIAL DE CONDESUYOS - CHUQUIBAMBA,AREQUIPA,100.08905463982958
040602,AREQUIPA,CONDESUYOS,ANDARAY,2,2257387.5,2271641.07,MUNICIPALIDAD DISTRITAL DE ANDARAY,AREQUIPA,100.63141884147049
040603,AREQUIPA,CONDESUYOS,CAYARANI,2,7669158.35,7675299.16,MUNICIPALIDAD DISTRITAL DE CAYARANI,AREQUIPA,100.08007149832811
040604,AREQUIPA,CONDESUYOS,CHICHAS,2,1463990.22,1468535.67,MUNICIPALIDAD DISTRITAL DE CHICHAS,AREQUIPA,100.31048363150951
040605,AREQUIPA,CONDESUYOS,IRAY,2,1096034.53,1096995.11,MUNICIPALIDAD DISTRITAL DE IRAY,AREQUIPA,100.08764139940008
040606,AREQUIPA,CONDESUYOS,RIO GRANDE,2,7649890.46,7658966.87,MUNICIPALIDAD DISTRITAL DE RIO GRANDE,AREQUIPA,100.11864758126222
040607,AREQUIPA,CONDESUYOS,SALAMANCA,2,1788385.5,1791164.71,MUNICIPALIDAD DISTRITAL DE SALAMANCA,AREQUIPA,100.15540329531859
040608,AREQUIPA,CONDESUYOS,YANAQUIHUA,2,9671409.6,9679748.05,MUNICIPALIDAD DISTRITAL DE YANAQUIHUA,AREQUIPA,100.08621752510618
040701,AREQUIPA,ISLAY,MOLLENDO,1,46453714.37,46591919.63,MUNICIPALIDAD PROVINCIAL DE ISLAY - MOLLENDO,AREQUIPA,100.29751175309515
040702,AREQUIPA,ISLAY,COCACHACRA,2,24214458.01,24257742.26,MUNICIPALIDAD DISTRITAL DE COCACHACRA,AREQUIPA,100.17875374283464
040703,AREQUIPA,ISLAY,DEAN VALDIVIA,2,12192828.79,12201107.29,MUNICIPALIDAD DISTRITAL DE DEAN VALDIVIA,AREQUIPA,100.06789646719874
040704,AREQUIPA,ISLAY,ISLAY,2,20152996.95,20187992.04,MUNICIPALIDAD DISTRITAL DE ISLAY,AREQUIPA,100.17364707634712
040705,AREQUIPA,ISLAY,MEJIA,2,10577681.12,10594469.15,MUNICIPALIDAD DISTRITAL DE MEJIA,AREQUIPA,100.15871181792632
040706,AREQUIPA,ISLAY,PUNTA DE BOMBON,2,14715837.41,14742477.42,MUNICIPALIDAD DISTRITAL DE PUNTA DE BOMBON,AREQUIPA,100.18102952117354
040801,AREQUIPA,LA UNION,COTAHUASI,1,4336620.84,4340953.89,MUNICIPALIDAD PROVINCIAL DE LA UNION - COTAHUASI,AREQUIPA,100.09991765846884
040802,AREQUIPA,LA UNION,ALCA,2,2118412.77,2120707.81,MUNICIPALIDAD DISTRITAL DE ALCA,AREQUIPA,100.10833771550574
040803,AREQUIPA,LA UNION,CHARCANA,2,981031.67,985010.5800000001,MUNICIPALIDAD DISTRITAL DE CHARCANA,AREQUIPA,100.40558425601081
040804,AREQUIPA,LA UNION,HUAYNACOTAS,2,2610939.83,2618283.59,MUNICIPALIDAD DISTRITAL DE HUAYNACOTAS,AREQUIPA,100.28126883337637
040805,AREQUIPA,LA UNION,PAMPAMARCA,2,1628481.8699999999,1631600.91,MUNICIPALIDAD DISTRITAL DE PAMPAMARCA,AREQUIPA,100.19153053266722
040806,AREQUIPA,LA UNION,PUYCA,2,3300852.37,3318437.68,MUNICIPALIDAD DISTRITAL DE PUYCA,AREQUIPA,100.5327505755733
040807,AREQUIPA,LA UNION,QUECHUALLA,2,913830.67,914144.08,MUNICIPALIDAD DISTRITAL DE QUECHUALLA,AREQUIPA,100.03429628817338
040808,AREQUIPA,LA UNION,SAYLA,2,814722.23,816254.5,MUNICIPALIDAD DISTRITAL DE SAYLA,AREQUIPA,100.18807268828297
040809,AREQUIPA,LA UNION,TAURIA,2,1142137.0,1142918.31,MUNICIPALIDAD DISTRITAL DE TAURIA,AREQUIPA,100.06840773042113
040810,AREQUIPA,LA UNION,TOMEPAMPA,2,1056558.03,1058566.52,MUNICIPALIDAD DISTRITAL DE TOMEPAMPA,AREQUIPA,100.19009746203906
040811,AREQUIPA,LA UNION,TORO,2,1249590.99,1251062.65,MUNICIPALIDAD DISTRITAL DE TORO,AREQUIPA,100.1177713357232
050101,AYACUCHO,HUAMANGA,AYACUCHO,1,72915927.64,72945816.61,MUNICIPALIDAD PROVINCIAL DE HUAMANGA,AYACUCHO,100.04099100288153
050102,AYACUCHO,HUAMANGA,ACOCRO,2,11495378.69,11512765.34,MUNICIPALIDAD DISTRITAL DE ACOCRO,AYACUCHO,100.15124904075692
050103,AYACUCHO,HUAMANGA,ACOS VINCHOS,2,3179087.09,3180944.76,MUNICIPALIDAD DISTRITAL DE ACOS VINCHOS,AYACUCHO,100.05843407076968
050104,AYACUCHO,HUAMANGA,CARMEN ALTO,2,13983641.82,13988531.34,MUNICIPALIDAD DISTRITAL DE CARMEN ALTO,AYACUCHO,100.03496599857847
050105,AYACUCHO,HUAMANGA,CHIARA,2,9674975.68,9681754.92,MUNICIPALIDAD DISTRITAL DE CHIARA,AYACUCHO,100.0700698402169
050106,AYACUCHO,HUAMANGA,OCROS,2,10250132.18,10254033.76,MUNICIPALIDAD DISTRITAL DE OCROS,AYACUCHO,100.03806370426727
050107,AYACUCHO,HUAMANGA,PACAYCASA,2,5091031.63,5091298.91,MUNICIPALIDAD DISTRITAL DE PACAICASA,AYACUCHO,100.0052500164883
050108,AYACUCHO,HUAMANGA,QUINUA,2,5026559.18,5028615.77,MUNICIPALIDAD DISTRITAL DE QUINUA,AYACUCHO,100.04091446905038
050109,AYACUCHO,HUAMANGA,SAN JOSE DE TICLLAS,2,5713578.85,5714157.73,MUNICIPALIDAD DISTRITAL DE SAN JOSE DE TICLLAS,AYACUCHO,100.01013165329819
050110,AYACUCHO,HUAMANGA,SAN JUAN BAUTISTA,2,17150459.45,17164076.6,MUNICIPALIDAD DISTRITAL DE SAN JUAN BAUTISTA,AYACUCHO,100.07939816446144
050111,AYACUCHO,HUAMANGA,SANTIAGO DE PISCHA,2,1069324.75,1070202.19,MUNICIPALIDAD DISTRITAL DE SANTIAGO DE PISCHA,AYACUCHO,100.08205552148681
050112,AYACUCHO,HUAMANGA,SOCOS,2,12057108.870000001,12033896.15,MUNICIPALIDAD DISTRITAL DE SOCOS,AYACUCHO,99.80747689806668
050113,AYACUCHO,HUAMANGA,TAMBILLO,2,12628449.41,12629989.75,MUNICIPALIDAD DISTRITAL DE TAMBILLO,AYACUCHO,100.0121973802958
050114,AYACUCHO,HUAMANGA,VINCHOS,2,19557985.42,19580246.48,MUNICIPALIDAD DISTRITAL DE VINCHOS,AYACUCHO,100.11382082316737
050115,AYACUCHO,HUAMANGA,JESUS NAZARENO,2,13003447.629999999,13007562.59,MUNICIPALIDAD DISTRITAL JESUS NAZARENO,AYACUCHO,100.03164514609577
050116,AYACUCHO,HUAMANGA,ANDRÉS AVELINO CÁCERES DORREGARAY,2,13231216.6,13239736.73,MUNICIPALIDAD DISTRITAL DE ANDRES AVELINO CACERES DORREGARAY,AYACUCHO,100.0643941540493
050201,AYACUCHO,CANGALLO,CANGALLO,1,15735840.29,15738050.73,MUNICIPALIDAD PROVINCIAL DE CANGALLO,AYACUCHO,100.01404716849729
050202,AYACUCHO,CANGALLO,CHUSCHI,2,7187930.35,7194610.69,MUNICIPALIDAD DISTRITAL DE CHUSCHI,AYACUCHO,100.09293829620928
050203,AYACUCHO,CANGALLO,LOS MOROCHUCOS,2,4092928.03,4097761.05,MUNICIPALIDAD DISTRITAL DE LOS MOROCHUCOS,AYACUCHO,100.11808221313875
050204,AYACUCHO,CANGALLO,MARIA PARADO DE BELLIDO,2,1277600.95,1278472.82,MUNICIPALIDAD DISTRITAL DE MARIA PARADO DE BELLIDO,AYACUCHO,100.06824274825406
050205,AYACUCHO,CANGALLO,PARAS,2,10131652.41,10135278.48,MUNICIPALIDAD DISTRITAL DE PARAS,AYACUCHO,100.03578952231346
050206,AYACUCHO,CANGALLO,TOTOS,2,1622279.1,1624251.16,MUNICIPALIDAD DISTRITAL DE TOTOS,AYACUCHO,100.12156108033444
050301,AYACUCHO,HUANCA SANCOS,SANCOS,1,3872913.81,3875142.7600000002,MUNICIPALIDAD PROVINCIAL DE HUANCA SANCOS - SANCOS,AYACUCHO,100.05755227483361
050302,AYACUCHO,HUANCA SANCOS,CARAPO,2,925368.92,926152.8099999999,MUNICIPALIDAD DISTRITAL DE CARAPO,AYACUCHO,100.08471107933903
050303,AYACUCHO,HUANCA SANCOS,SACSAMARCA,2,1028562.76,1028947.37,MUNICIPALIDAD DISTRITAL DE SACSAMARCA,AYACUCHO,100.03739295402839
050304,AYACUCHO,HUANCA SANCOS,SANTIAGO DE LUCANAMARCA,2,4822904.87,4824592.399999999,MUNICIPALIDAD DISTRITAL DE SANTIAGO DE LUCANAMARCA,AYACUCHO,100.03498990847811
050401,AYACUCHO,HUANTA,HUANTA,1,38593394.04,38614871.36,MUNICIPALIDAD PROVINCIAL DE HUANTA,AYACUCHO,100.05565024930884
050402,AYACUCHO,HUANTA,AYAHUANCO,2,2604931.21,2607038.05,MUNICIPALIDAD DISTRITAL DE AYAHUANCO,AYACUCHO,100.08087891119396
050403,AYACUCHO,HUANTA,HUAMANGUILLA,2,2223902.07,2225913.5,MUNICIPALIDAD DISTRITAL DE HUAMANGUILLA,AYACUCHO,100.09044597903541
050404,AYACUCHO,HUANTA,IGUAIN,2,1884852.6,1885531.3699999999,MUNICIPALIDAD DISTRITAL DE IGUAIN,AYACUCHO,100.03601183455936
050405,AYACUCHO,HUANTA,LURICOCHA,2,3008052.19,3010086.66,MUNICIPALIDAD DISTRITAL DE LURICOCHA,AYACUCHO,100.0676341323719
050406,AYACUCHO,HUANTA,SANTILLANA,2,2859801.84,2860456.02,MUNICIPALIDAD DISTRITAL DE SANTILLANA,AYACUCHO,100.0228750115078
050407,AYACUCHO,HUANTA,SIVIA,2,8503374.26,8506899.62,MUNICIPALIDAD DISTRITAL DE SIVIA,AYACUCHO,100.0414583657288
050408,AYACUCHO,HUANTA,LLOCHEGUA,2,7355350.93,7367187.2299999995,MUNICIPALIDAD DISTRITAL DE LLOCHEGUA,AYACUCHO,100.16092094194615
050409,AYACUCHO,HUANTA,CANAYRE,2,2744710.14,2753211.51,MUNICIPALIDAD DISTRITAL DE CANAYRE,AYACUCHO,100.30973653196034
050410,AYACUCHO,HUANTA,UCHURACCAY,2,2639242.17,2640564.72,MUNICIPALIDAD DISTRITAL DE UCHURACCAY,AYACUCHO,100.05011097560632
050411,AYACUCHO,HUANTA,PUCACOLPA,2,2612587.79,2614195.08,MUNICIPALIDAD DISTRITAL DE PUCACOLPA,AYACUCHO,100.06152099486005
050412,AYACUCHO,HUANTA,CHACA,2,1507838.47,1508672.74,MUNICIPALIDAD DISTRITAL DE CHACA,AYACUCHO,100.05532887087037
050413,AYACUCHO,HUANTA,PUTIS,2,656323.76,657428.76,MUNICIPALIDAD DISTRITAL DE PUTIS,AYACUCHO,100.16836202913025
050501,AYACUCHO,LA MAR,SAN MIGUEL,1,21591651.21,21611860.03,MUNICIPALIDAD PROVINCIAL DE LA MAR - SAN MIGUEL,AYACUCHO,100.09359552821343
050502,AYACUCHO,LA MAR,ANCO,2,7520704.63,7541769.94,MUNICIPALIDAD DISTRITAL DE ANCO,AYACUCHO,100.28009755782683
050503,AYACUCHO,LA MAR,AYNA,2,4871630.52,4874549.15,MUNICIPALIDAD DISTRITAL DE AYNA,AYACUCHO,100.05991074216361
050504,AYACUCHO,LA MAR,CHILCAS,2,1858994.81,1859691.67,MUNICIPALIDAD DISTRITAL DE CHILCAS,AYACUCHO,100.03748584967808
050505,AYACUCHO,LA MAR,CHUNGUI,2,3963274.02,3963546.8899999997,MUNICIPALIDAD DISTRITAL DE CHUNGUI,AYACUCHO,100.00688496426496
050506,AYACUCHO,LA MAR,LUIS CARRANZA,2,1140084.79,1140998.53,MUNICIPALIDAD DISTRITAL DE LUIS CARRANZA,AYACUCHO,100.08014667049457
050507,AYACUCHO,LA MAR,SANTA ROSA,2,6088953.6,6097679.8,MUNICIPALIDAD DISTRITAL DE SANTA ROSA,AYACUCHO,100.14331198056757
050508,AYACUCHO,LA MAR,TAMBO,2,11030371.92,11034648.889999999,MUNICIPALIDAD DISTRITAL DE TAMBO,AYACUCHO,100.03877448585612
050509,AYACUCHO,LA MAR,SAMUGARI,2,4890653.18,4893517.24,MUNICIPALIDAD DISTRITAL DE SAMUGARI,AYACUCHO,100.05856191176493
050510,AYACUCHO,LA MAR,ANCHIHUAY,2,8828783.32,8830408.87,MUNICIPALIDAD DISTRITAL DE ANCHIHUAY,AYACUCHO,100.01841193674237
050511,AYACUCHO,LA MAR,ORONCCOY,2,7430632.73,7432765.71,MUNICIPALIDAD DISTRITAL DE ORONCCOY,AYACUCHO,100.02870522709847
050512,AYACUCHO,LA MAR,UNION PROGRESO,2,3393904.01,3395205.64,MUNICIPALIDAD DISTRITAL DE UNION PROGRESO,AYACUCHO,100.03835199805785
050513,AYACUCHO,LA MAR,RIO MAGDALENA,2,1074930.49,1075805.28,MUNICIPALIDAD DISTRITAL DE RIO MAGDALENA,AYACUCHO,100.08138107609172
050514,AYACUCHO,LA MAR,NINABAMBA,2,1293634.45,1295930.0,MUNICIPALIDAD DISTRITAL DE NINABAMBA,AYACUCHO,100.17744966516624
050515,AYACUCHO,LA MAR,PATIBAMBA,2,1320180.86,1323879.51,MUNICIPALIDAD DISTRITAL DE PATIBAMBA,AYACUCHO,100.28016237108602
050601,AYACUCHO,LUCANAS,PUQUIO,1,19928657.7,19997494.65,MUNICIPALIDAD PROVINCIAL DE LUCANAS - PUQUIO,AYACUCHO,100.3454168917759
050602,AYACUCHO,LUCANAS,AUCARA,2,4266825.300000001,4269665.3,MUNICIPALIDAD DISTRITAL DE AUCARA,AYACUCHO,100.06656002531903
050603,AYACUCHO,LUCANAS,CABANA,2,1037570.92,1040577.6,MUNICIPALIDAD DISTRITAL DE CABANA,AYACUCHO,100.28978067349844
050604,AYACUCHO,LUCANAS,CARMEN SALCEDO,2,984169.9500000001,984746.55,MUNICIPALIDAD DISTRITAL DE CARMEN SALCEDO,AYACUCHO,100.05858744213842
050605,AYACUCHO,LUCANAS,CHAVIÑA,2,2389680.11,2400676.1,MUNICIPALIDAD DISTRITAL DE CHAVIÑA,AYACUCHO,100.46014485177265
050606,AYACUCHO,LUCANAS,CHIPAO,2,1627102.89,1630649.61,MUNICIPALIDAD DISTRITAL DE CHIPAO,AYACUCHO,100.2179776105001
050607,AYACUCHO,LUCANAS,HUAC-HUAS,2,1611969.08,1613239.29,MUNICIPALIDAD DISTRITAL DE HUAC - HUAS,AYACUCHO,100.07879865785019
050608,AYACUCHO,LUCANAS,LARAMATE,2,1653164.48,1655032.55,MUNICIPALIDAD DISTRITAL DE LARAMATE,AYACUCHO,100.11299964538314
050609,AYACUCHO,LUCANAS,LEONCIO PRADO,2,1050468.36,1050908.09,MUNICIPALIDAD DISTRITAL DE LEONCIO PRADO,AYACUCHO,100.04186037549955
050610,AYACUCHO,LUCANAS,LLAUTA,2,844477.61,845979.17,MUNICIPALIDAD DISTRITAL DE LLAUTA,AYACUCHO,100.17780933232795
050611,AYACUCHO,LUCANAS,LUCANAS,2,7616198.2,7622699.07,MUNICIPALIDAD DISTRITAL DE LUCANAS,AYACUCHO,100.08535584066077
050612,AYACUCHO,LUCANAS,OCAÑA,2,1963832.49,1966201.24,MUNICIPALIDAD DISTRITAL DE OCAÑA,AYACUCHO,100.12061873973782
050613,AYACUCHO,LUCANAS,OTOCA,2,1895165.99,1895856.07,MUNICIPALIDAD DISTRITAL DE OTOCA,AYACUCHO,100.03641264161774
050614,AYACUCHO,LUCANAS,SAISA,2,984494.13,986889.26,MUNICIPALIDAD DISTRITAL DE SAISA,AYACUCHO,100.24328535102592
050615,AYACUCHO,LUCANAS,SAN CRISTOBAL,2,1519329.27,1524223.16,MUNICIPALIDAD DISTRITAL DE SAN CRISTOBAL,AYACUCHO,100.32210858413858
050616,AYACUCHO,LUCANAS,SAN JUAN,2,962970.13,963535.72,MUNICIPALIDAD DISTRITAL DE SAN JUAN,AYACUCHO,100.05873390901543
050617,AYACUCHO,LUCANAS,SAN PEDRO,2,9004217.1,9005803.530000001,MUNICIPALIDAD DISTRITAL DE SAN PEDRO,AYACUCHO,100.01761874444367
050618,AYACUCHO,LUCANAS,SAN PEDRO DE PALCO,2,6420555.31,6421615.819999999,MUNICIPALIDAD DISTRITAL DE SAN PEDRO DE PALCO,AYACUCHO,100.01651741864676
050619,AYACUCHO,LUCANAS,SANCOS,2,8106328.76,8124627.55,MUNICIPALIDAD DISTRITAL DE SANCOS,AYACUCHO,100.22573461479004
050620,AYACUCHO,LUCANAS,SANTA ANA DE HUAYCAHUACHO,2,2711171.4,2711599.9099999997,MUNICIPALIDAD DISTRITAL DE SANTA ANA DE HUAYCAHUACHO,AYACUCHO,100.01580534524669
050621,AYACUCHO,LUCANAS,SANTA LUCIA,2,1398017.22,1400472.55,MUNICIPALIDAD DISTRITAL DE SANTA LUCIA,AYACUCHO,100.17562945326239
050701,AYACUCHO,PARINACOCHAS,CORACORA,1,12983881.19,13000534.31,MUNICIPALIDAD PROVINCIAL DE PARINACOCHAS - CORACORA,AYACUCHO,100.12825995367876
050702,AYACUCHO,PARINACOCHAS,CHUMPI,2,1849929.87,1851815.11,MUNICIPALIDAD DISTRITAL DE CHUMPI,AYACUCHO,100.10190872803194
050703,AYACUCHO,PARINACOCHAS,CORONEL CASTAÑEDA,2,4839059.43,4851669.86,MUNICIPALIDAD DISTRITAL DE CORONEL CASTAÑEDA,AYACUCHO,100.26059671682934
050704,AYACUCHO,PARINACOCHAS,PACAPAUSA,2,2110573.51,2112097.08,MUNICIPALIDAD DISTRITAL DE PACAPAUSA,AYACUCHO,100.07218748803496
050705,AYACUCHO,PARINACOCHAS,PULLO,2,4348357.0,4352794.9,MUNICIPALIDAD DISTRITAL DE PULLO,AYACUCHO,100.10205923754651
050706,AYACUCHO,PARINACOCHAS,PUYUSCA,2,1491552.64,1493201.23,MUNICIPALIDAD DISTRITAL DE PUYUSCA,AYACUCHO,100.11052844906634
050707,AYACUCHO,PARINACOCHAS,SAN FRANCISCO DE RIVACAYCO,2,1167835.82,1169062.46,MUNICIPALIDAD DISTRITAL DE SAN FRANCISCO DE RIVACAYCO,AYACUCHO,100.10503531224106
050708,AYACUCHO,PARINACOCHAS,UPAHUACHO,2,1200289.33,1201542.16,MUNICIPALIDAD DISTRITAL DE UPAHUACHO,AYACUCHO,100.104377333755
050801,AYACUCHO,PAUCAR DEL SARA SARA,PAUSA,1,4855329.29,4859050.2700000005,MUNICIPALIDAD PROVINCIAL DE PAUCAR DEL SARA SARA - PAUSA,AYACUCHO,100.07663702661041
050802,AYACUCHO,PAUCAR DEL SARA SARA,COLTA,2,884264.1799999999,886530.59,MUNICIPALIDAD DISTRITAL DE COLTA,AYACUCHO,100.25630462606775
050803,AYACUCHO,PAUCAR DEL SARA SARA,CORCULLA,2,958614.16,961315.33,MUNICIPALIDAD DISTRITAL DE CORCULLA,AYACUCHO,100.28177864595699
050804,AYACUCHO,PAUCAR DEL SARA SARA,LAMPA,2,1746975.6199999999,1750133.64,MUNICIPALIDAD DISTRITAL DE LAMPA,AYACUCHO,100.18077069673132
050805,AYACUCHO,PAUCAR DEL SARA SARA,MARCABAMBA,2,922247.09,924030.65,MUNICIPALIDAD DISTRITAL DE MARCABAMBA,AYACUCHO,100.19339285743911
050806,AYACUCHO,PAUCAR DEL SARA SARA,OYOLO,2,6619506.24,6647220.05,MUNICIPALIDAD DISTRITAL DE OYOLO,AYACUCHO,100.41866884017017
050807,AYACUCHO,PAUCAR DEL SARA SARA,PARARCA,2,765860.6900000001,766617.26,MUNICIPALIDAD DISTRITAL DE PARARCA,AYACUCHO,100.09878689556452
050808,AYACUCHO,PAUCAR DEL SARA SARA,SAN JAVIER DE ALPABAMBA,2,813005.95,813513.75,MUNICIPALIDAD DISTRITAL DE SAN JAVIER DE ALPABAMBA,AYACUCHO,100.06245956748533
050809,AYACUCHO,PAUCAR DEL SARA SARA,SAN JOSE DE USHUA,2,854039.58,858563.62,MUNICIPALIDAD DISTRITAL DE SAN JOSE DE USHUA,AYACUCHO,100.52972252175948
050810,AYACUCHO,PAUCAR DEL SARA SARA,SARA SARA,2,828366.16,831592.72,MUNICIPALIDAD DISTRITAL DE SARA SARA,AYACUCHO,100.38950890992456
050901,AYACUCHO,SUCRE,QUEROBAMBA,1,3438806.08,3439999.6,MUNICIPALIDAD PROVINCIAL DE SUCRE - QUEROBAMBA,AYACUCHO,100.03470739472462
050902,AYACUCHO,SUCRE,BELEN,2,1216097.44,1217014.8399999999,MUNICIPALIDAD DISTRITAL DE BELEN,AYACUCHO,100.07543803397859
050903,AYACUCHO,SUCRE,CHALCOS,2,3622397.2,3623434.92,MUNICIPALIDAD DISTRITAL DE CHALCOS,AYACUCHO,100.02864732779717
050904,AYACUCHO,SUCRE,CHILCAYOC,2,656000.53,656222.6900000001,MUNICIPALIDAD DISTRITAL DE CHILCAYOC,AYACUCHO,100.03386582629743
050905,AYACUCHO,SUCRE,HUACAÑA,2,688093.09,689475.99,MUNICIPALIDAD DISTRITAL DE HUACAÑA,AYACUCHO,100.20097571391103
050906,AYACUCHO,SUCRE,MORCOLLA,2,10347890.43,10348228.51,MUNICIPALIDAD DISTRITAL DE MORCOLLA,AYACUCHO,100.00326713934871
050907,AYACUCHO,SUCRE,PAICO,2,4773562.28,4774495.13,MUNICIPALIDAD DISTRITAL DE PAICO,AYACUCHO,100.01954200962054
050908,AYACUCHO,SUCRE,SAN PEDRO DE LARCAY,2,3095385.63,3096230.69,MUNICIPALIDAD DISTRITAL DE SAN PEDRO DE LARCAY,AYACUCHO,100.02730063717458
050909,AYACUCHO,SUCRE,SAN SALVADOR DE QUIJE,2,2107569.02,2108771.7600000002,MUNICIPALIDAD DISTRITAL DE SAN SALVADOR DE QUIJE,AYACUCHO,100.05706764469333
050910,AYACUCHO,SUCRE,SANTIAGO DE PAUCARAY,2,651743.97,652321.64,MUNICIPALIDAD DISTRITAL DE SANTIAGO DE PAUCARAY,AYACUCHO,100.08863449860534
050911,AYACUCHO,SUCRE,SORAS,2,4202266.42,4207510.96,MUNICIPALIDAD DISTRITAL DE SORAS,AYACUCHO,100.12480265351667
051001,AYACUCHO,VICTOR FAJARDO,HUANCAPI,1,4514639.65,4521927.9799999995,MUNICIPALIDAD PROVINCIAL DE VICTOR FAJARDO - HUANCAPI,AYACUCHO,100.16143769082431
051002,AYACUCHO,VICTOR FAJARDO,ALCAMENCA,2,1433583.46,1435401.47,MUNICIPALIDAD DISTRITAL DE ALCAMENCA,AYACUCHO,100.12681577673895
051003,AYACUCHO,VICTOR FAJARDO,APONGO,2,1004345.94,1005958.24,MUNICIPALIDAD DISTRITAL DE APONGO,AYACUCHO,100.16053233609925
051004,AYACUCHO,VICTOR FAJARDO,ASQUIPATA,2,661022.81,661849.87,MUNICIPALIDAD DISTRITAL DE ASQUIPATA,AYACUCHO,100.12511822398382
051005,AYACUCHO,VICTOR FAJARDO,CANARIA,2,4452450.55,4466334.12,MUNICIPALIDAD DISTRITAL DE CANARIA,AYACUCHO,100.31181862311756
051006,AYACUCHO,VICTOR FAJARDO,CAYARA,2,2625364.5,2627413.62,MUNICIPALIDAD DISTRITAL DE CAYARA,AYACUCHO,100.07805087636403
051007,AYACUCHO,VICTOR FAJARDO,COLCA,2,797531.58,799284.98,MUNICIPALIDAD DISTRITAL DE COLCA,AYACUCHO,100.21985336304802
051008,AYACUCHO,VICTOR FAJARDO,HUAMANQUIQUIA,2,909842.39,911695.58,MUNICIPALIDAD DISTRITAL DE HUAMANQUIQUIA,AYACUCHO,100.20368253011381
051009,AYACUCHO,VICTOR FAJARDO,HUANCARAYLLA,2,3401902.6999999997,3402701.57,MUNICIPALIDAD DISTRITAL DE HUANCARAYLLA,AYACUCHO,100.02348303494983
051010,AYACUCHO,VICTOR FAJARDO,HUALLA,2,1199950.08,1201566.82,MUNICIPALIDAD DISTRITAL DE HUALLA,AYACUCHO,100.13473393826516
051011,AYACUCHO,VICTOR FAJARDO,SARHUA,2,1597618.58,1602220.01,MUNICIPALIDAD DISTRITAL DE SARHUA,AYACUCHO,100.28801805747652
051012,AYACUCHO,VICTOR FAJARDO,VILCANCHOS,2,2263359.49,2270291.46,MUNICIPALIDAD DISTRITAL DE VILCANCHOS,AYACUCHO,100.30626906731462
051101,AYACUCHO,VILCAS HUAMAN,VILCAS HUAMAN,1,7752720.2,7763284.46,MUNICIPALIDAD PROVINCIAL DE VILCAS HUAMAN,AYACUCHO,100.13626520405057
051102,AYACUCHO,VILCAS HUAMAN,ACCOMARCA,2,752295.5,752621.65,MUNICIPALIDAD DISTRITAL DE ACCOMARCA,AYACUCHO,100.04335397460173
051103,AYACUCHO,VILCAS HUAMAN,CARHUANCA,2,732664.0,733015.35,MUNICIPALIDAD DISTRITAL DE CARHUANCA,AYACUCHO,100.04795513359467
051104,AYACUCHO,VILCAS HUAMAN,CONCEPCION,2,1240664.22,1240939.65,MUNICIPALIDAD DISTRITAL DE CONCEPCION,AYACUCHO,100.02220020498373
051105,AYACUCHO,VILCAS HUAMAN,HUAMBALPA,2,1814531.82,1815376.1400000001,MUNICIPALIDAD DISTRITAL DE HUAMBALPA,AYACUCHO,100.04653101095796
051106,AYACUCHO,VILCAS HUAMAN,INDEPENDENCIA,2,3283318.54,3283837.9499999997,MUNICIPALIDAD DISTRITAL DE INDEPENDENCIA,AYACUCHO,100.01581966518546
051107,AYACUCHO,VILCAS HUAMAN,SAURAMA,2,699134.3,699590.46,MUNICIPALIDAD DISTRITAL DE SAURAMA,AYACUCHO,100.06524640544741
051108,AYACUCHO,VILCAS HUAMAN,VISCHONGO,2,2115207.2600000002,2116832.7800000003,MUNICIPALIDAD DISTRITAL DE VISCHONGO,AYACUCHO,100.07684920672975
060101,CAJAMARCA,CAJAMARCA,CAJAMARCA,1,142096673.28,142167765.3,MUNICIPALIDAD PROVINCIAL DE CAJAMARCA,CAJAMARCA,100.0500307420005
060102,CAJAMARCA,CAJAMARCA,ASUNCION,2,4323979.82,4325684.5,MUNICIPALIDAD DISTRITAL DE ASUNCION,CAJAMARCA,100.03942386576632
060103,CAJAMARCA,CAJAMARCA,CHETILLA,2,2867048.21,2869816.36,MUNICIPALIDAD DISTRITAL DE CHETILLA,CAJAMARCA,100.09655052155541
060104,CAJAMARCA,CAJAMARCA,COSPAN,2,4157359.5,4160313.24,MUNICIPALIDAD DISTRITAL DE COSPAN,CAJAMARCA,100.07104846237137
060105,CAJAMARCA,CAJAMARCA,ENCAÑADA,2,12832227.95,12868870.74,MUNICIPALIDAD DISTRITAL DE ENCAÑADA,CAJAMARCA,100.2855528295069
060106,CAJAMARCA,CAJAMARCA,JESUS,2,7334495.82,7339349.9,MUNICIPALIDAD DISTRITAL DE JESUS,CAJAMARCA,100.06618150884705
060107,CAJAMARCA,CAJAMARCA,LLACANORA,2,3757087.58,3760579.1,MUNICIPALIDAD DISTRITAL DE LLACANORA,CAJAMARCA,100.09293155737402
060108,CAJAMARCA,CAJAMARCA,LOS BAÑOS DEL INCA,2,27939443.900000002,28021248.87,MUNICIPALIDAD DISTRITAL DE LOS BA¥OS DEL INCA,CAJAMARCA,100.2927938376039
060109,CAJAMARCA,CAJAMARCA,MAGDALENA,2,4369065.54,4370202.53,MUNICIPALIDAD DISTRITAL DE MAGDALENA,CAJAMARCA,100.02602364257507
060110,CAJAMARCA,CAJAMARCA,MATARA,2,2150717.9899999998,2151610.4899999998,MUNICIPALIDAD DISTRITAL DE MATARA,CAJAMARCA,100.041497769775
060111,CAJAMARCA,CAJAMARCA,NAMORA,2,5345939.47,5352433.34,MUNICIPALIDAD DISTRITAL DE NAMORA,CAJAMARCA,100.1214729429026
060112,CAJAMARCA,CAJAMARCA,SAN JUAN,2,2519339.7600000002,2521703.96,MUNICIPALIDAD DISTRITAL DE SAN JUAN,CAJAMARCA,100.09384204693374
060201,CAJAMARCA,CAJABAMBA,CAJABAMBA,1,30482248.31,30529249.49,MUNICIPALIDAD PROVINCIAL DE CAJABAMBA,CAJAMARCA,100.1541919727246
060202,CAJAMARCA,CAJABAMBA,CACHACHI,2,24580761.759999998,24613442.24,MUNICIPALIDAD DISTRITAL DE CACHACHI,CAJAMARCA,100.13295145333203
060203,CAJAMARCA,CAJABAMBA,CONDEBAMBA,2,10158610.63,10175494.92,MUNICIPALIDAD DISTRITAL DE CONDEBAMBA,CAJAMARCA,100.16620668529353
060204,CAJAMARCA,CAJABAMBA,SITACOCHA,2,5867065.99,5874440.29,MUNICIPALIDAD DISTRITAL DE SITACOCHA,CAJAMARCA,100.12568974019669
060301,CAJAMARCA,CELENDIN,CELENDIN,1,25282850.84,25309646.86,MUNICIPALIDAD PROVINCIAL DE CELENDIN,CAJAMARCA,100.10598496257236
060302,CAJAMARCA,CELENDIN,CHUMUCH,2,1995203.85,1995876.21,MUNICIPALIDAD DISTRITAL DE CHUMUCH,CAJAMARCA,100.03369881227925
060303,CAJAMARCA,CELENDIN,CORTEGANA,2,5063594.98,5064033.66,MUNICIPALIDAD DISTRITAL DE CORTEGANA,CAJAMARCA,100.00866341012131
060304,CAJAMARCA,CELENDIN,HUASMIN,2,8540630.95,8543968.93,MUNICIPALIDAD DISTRITAL DE HUASMIN,CAJAMARCA,100.03908352930296
060305,CAJAMARCA,CELENDIN,JORGE CHAVEZ,2,636262.39,636435.48,MUNICIPALIDAD DISTRITAL DE JORGE CHAVEZ,CAJAMARCA,100.02720418536761
060306,CAJAMARCA,CELENDIN,JOSE GALVEZ,2,1600583.25,1601894.68,MUNICIPALIDAD DISTRITAL DE JOSE GALVEZ,CAJAMARCA,100.08193450731163
060307,CAJAMARCA,CELENDIN,MIGUEL IGLESIAS,2,2662448.5,2664105.73,MUNICIPALIDAD DISTRITAL DE MIGUEL IGLESIAS,CAJAMARCA,100.06224458426144
060308,CAJAMARCA,CELENDIN,OXAMARCA,2,3746268.1,3747968.4,MUNICIPALIDAD DISTRITAL DE OXAMARCA,CAJAMARCA,100.04538650076859
060309,CAJAMARCA,CELENDIN,SOROCHUCO,2,6136764.17,6143061.76,MUNICIPALIDAD DISTRITAL DE SOROCHUCO,CAJAMARCA,100.10262069431943
060310,CAJAMARCA,CELENDIN,SUCRE,2,3536987.31,3539854.54,MUNICIPALIDAD DISTRITAL DE SUCRE,CAJAMARCA,100.081064186798
060311,CAJAMARCA,CELENDIN,UTCO,2,931460.94,932037.39,MUNICIPALIDAD DISTRITAL DE UTCO,CAJAMARCA,100.06188665302487
060312,CAJAMARCA,CELENDIN,LA LIBERTAD DE PALLAN,2,4223963.54,4165228.34,MUNICIPALIDAD DISTRITAL DE LA LIBERTAD DE PALLAN,CAJAMARCA,98.60947663388212
060401,CAJAMARCA,CHOTA,CHOTA,1,45103426.12,45183108.04,MUNICIPALIDAD PROVINCIAL DE CHOTA,CAJAMARCA,100.17666489412136
060402,CAJAMARCA,CHOTA,ANGUIA,2,2383725.32,2384712.06,MUNICIPALIDAD DISTRITAL DE ANGUIA,CAJAMARCA,100.0413948701103
060403,CAJAMARCA,CHOTA,CHADIN,2,2152613.62,2154243.7,MUNICIPALIDAD DISTRITAL DE CHADIN,CAJAMARCA,100.0757256195378
060404,CAJAMARCA,CHOTA,CHIGUIRIP,2,2145736.44,2145423.79,MUNICIPALIDAD DISTRITAL DE CHIGUIRIP,CAJAMARCA,99.9854292449822
060405,CAJAMARCA,CHOTA,CHIMBAN,2,1559568.2,1561016.97,MUNICIPALIDAD DISTRITAL DE CHIMBAN,CAJAMARCA,100.09289558481636
060406,CAJAMARCA,CHOTA,CHOROPAMPA,2,1945954.98,1946781.95,MUNICIPALIDAD DISTRITAL DE CHOROPAMPA,CAJAMARCA,100.04249687215271
060407,CAJAMARCA,CHOTA,COCHABAMBA,2,3113780.39,3115077.5100000002,MUNICIPALIDAD DISTRITAL DE COCHABAMBA,CAJAMARCA,100.04165740153563
060408,CAJAMARCA,CHOTA,CONCHAN,2,3622460.67,3622612.28,MUNICIPALIDAD DISTRITAL DE CONCHAN,CAJAMARCA,100.00418527663408
060409,CAJAMARCA,CHOTA,HUAMBOS,2,4629944.83,4549808.52,MUNICIPALIDAD DISTRITAL DE HUAMBOS,CAJAMARCA,98.2691735443422
060410,CAJAMARCA,CHOTA,LAJAS,2,6281107.8,6210589.55,MUNICIPALIDAD DISTRITAL DE LAJAS,CAJAMARCA,98.87729597635628
060411,CAJAMARCA,CHOTA,LLAMA,2,6100795.08,5940755.11,MUNICIPALIDAD DISTRITAL DE LLAMA,CAJAMARCA,97.37673585325537
060412,CAJAMARCA,CHOTA,MIRACOSTA,2,3897189.03,3898196.09,MUNICIPALIDAD DISTRITAL DE MIRACOSTA,CAJAMARCA,100.02584067624763
060413,CAJAMARCA,CHOTA,PACCHA,2,2568924.72,2570235.91,MUNICIPALIDAD DISTRITAL DE PACCHA,CAJAMARCA,100.05104042130124
060414,CAJAMARCA,CHOTA,PION,2,930483.4,930676.88,MUNICIPALIDAD DISTRITAL DE PION,CAJAMARCA,100.02079349293066
060415,CAJAMARCA,CHOTA,QUEROCOTO,2,15510913.45,15516720.01,MUNICIPALIDAD DISTRITAL DE QUEROCOTO,CAJAMARCA,100.03743531945246
060416,CAJAMARCA,CHOTA,SAN JUAN DE LICUPIS,2,1618322.1400000001,1619705.11,MUNICIPALIDAD DISTRITAL DE SAN JUAN DE LICUPIS,CAJAMARCA,100.08545702773367
060417,CAJAMARCA,CHOTA,TACABAMBA,2,8361774.31,8361069.55,MUNICIPALIDAD DISTRITAL DE TACABAMBA,CAJAMARCA,99.9915716452768
060418,CAJAMARCA,CHOTA,TOCMOCHE,2,895441.27,895228.14,MUNICIPALIDAD DISTRITAL DE TOCMOCHE,CAJAMARCA,99.97619832733419
060419,CAJAMARCA,CHOTA,CHALAMARCA,2,5341151.89,5340853.8,MUNICIPALIDAD DISTRITAL DE CHALAMARCA,CAJAMARCA,99.9944189941395
060501,CAJAMARCA,CONTUMAZA,CONTUMAZA,1,8201537.67,8204360.12,MUNICIPALIDAD PROVINCIAL DE CONTUMAZA,CAJAMARCA,100.03441366867489
060502,CAJAMARCA,CONTUMAZA,CHILETE,2,1318771.81,1319308.28,MUNICIPALIDAD DISTRITAL DE CHILETE,CAJAMARCA,100.0406795167998
060503,CAJAMARCA,CONTUMAZA,CUPISNIQUE,2,1032623.73,1032974.92,MUNICIPALIDAD DISTRITAL DE CUPISNIQUE,CAJAMARCA,100.0340094837836
060504,CAJAMARCA,CONTUMAZA,GUZMANGO,2,1664916.13,1666016.77,MUNICIPALIDAD DISTRITAL DE GUZMANGO,CAJAMARCA,100.06610783451296
060505,CAJAMARCA,CONTUMAZA,SAN BENITO,2,2228896.9699999997,2230143.65,MUNICIPALIDAD DISTRITAL DE SAN BENITO,CAJAMARCA,100.0559325988047
060506,CAJAMARCA,CONTUMAZA,SANTA CRUZ DE TOLED,2,755512.4299999999,755889.3,MUNICIPALIDAD DISTRITAL DE SANTA CRUZ DE TOLEDO,CAJAMARCA,100.04988270014302
060507,CAJAMARCA,CONTUMAZA,TANTARICA,2,1360925.43,1362220.37,MUNICIPALIDAD DISTRITAL DE TANTARICA,CAJAMARCA,100.09515142942108
060508,CAJAMARCA,CONTUMAZA,YONAN,2,3350427.43,3354507.6,MUNICIPALIDAD DISTRITAL DE YONAN,CAJAMARCA,100.12178058129138
060601,CAJAMARCA,CUTERVO,CUTERVO,1,43592386.69,43628006.25,MUNICIPALIDAD PROVINCIAL DE CUTERVO,CAJAMARCA,100.08171050659213
060602,CAJAMARCA,CUTERVO,CALLAYUC,2,7820369.18,7688846.92,MUNICIPALIDAD DISTRITAL DE CALLAYUC,CAJAMARCA,98.31820906439611
060603,CAJAMARCA,CUTERVO,CHOROS,2,2445884.69,2415196.35,MUNICIPALIDAD DISTRITAL DE CHOROS,CAJAMARCA,98.74530716327433
060604,CAJAMARCA,CUTERVO,CUJILLO,2,1889923.22,1890880.76,MUNICIPALIDAD DISTRITAL DE CUJILLO,CAJAMARCA,100.05066555031797
060605,CAJAMARCA,CUTERVO,LA RAMADA,2,2616342.9,2616929.38,MUNICIPALIDAD DISTRITAL DE LA RAMADA,CAJAMARCA,100.02241602199773
060606,CAJAMARCA,CUTERVO,PIMPINGOS,2,3490639.52,3491531.28,MUNICIPALIDAD DISTRITAL DE PIMPINGOS,CAJAMARCA,100.02554718110795
060607,CAJAMARCA,CUTERVO,QUEROCOTILLO,2,10754654.36,10651778.47,MUNICIPALIDAD DISTRITAL DE QUEROCOTILLO,CAJAMARCA,99.04342913722428
060608,CAJAMARCA,CUTERVO,SAN ANDRES DE CUTERVO,2,3149265.37,3151029.76,MUNICIPALIDAD DISTRITAL DE SAN ANDRES DE CUTERVO,CAJAMARCA,100.05602544697591
060609,CAJAMARCA,CUTERVO,SAN JUAN DE CUTERVO,2,1376831.55,1376953.35,MUNICIPALIDAD DISTRITAL DE SAN JUAN DE CUTERVO,CAJAMARCA,100.00884639809424
060610,CAJAMARCA,CUTERVO,SAN LUIS DE LUCMA,2,2202615.33,2203448.16,MUNICIPALIDAD DISTRITAL DE SAN LUIS DE LUCMA,CAJAMARCA,100.03781095993733
060611,CAJAMARCA,CUTERVO,SANTA CRUZ,2,2012480.6400000001,2014215.9200000002,MUNICIPALIDAD DISTRITAL DE SANTA CRUZ,CAJAMARCA,100.08622592265037
060612,CAJAMARCA,CUTERVO,SANTO DOMINGO DE LA CAPILLA,2,3234586.59,3187387.12,MUNICIPALIDAD DISTRITAL DE SANTO DOMINGO DE LA CAPILLA,CAJAMARCA,98.54078817534455
060613,CAJAMARCA,CUTERVO,SANTO TOMAS,2,4666699.36,4630146.38,MUNICIPALIDAD DISTRITAL DE SANTO TOMAS,CAJAMARCA,99.21672734452729
060614,CAJAMARCA,CUTERVO,SOCOTA,2,5416868.38,5418829.67,MUNICIPALIDAD DISTRITAL DE SOCOTA,CAJAMARCA,100.03620708243976
060615,CAJAMARCA,CUTERVO,TORIBIO CASANOVA,2,883420.2,883640.93,MUNICIPALIDAD DISTRITAL DE TORIBIO CASANOVA,CAJAMARCA,100.02498584478825
060701,CAJAMARCA,HUALGAYOC,BAMBAMARCA,1,69893839.9,70024095.79,MUNICIPALIDAD PROVINCIAL DE HUALGAYOC - BAMBAMARCA,CAJAMARCA,100.18636247512852
060702,CAJAMARCA,HUALGAYOC,CHUGUR,2,6360957.11,6380835.0,MUNICIPALIDAD DISTRITAL DE CHUGUR,CAJAMARCA,100.3124984126799
060703,CAJAMARCA,HUALGAYOC,HUALGAYOC,2,30682911.99,30742791.580000002,MUNICIPALIDAD DISTRITAL DE HUALGAYOC,CAJAMARCA,100.1951561508227
060801,CAJAMARCA,JAEN,JAEN,1,72690025.69,72787993.28,MUNICIPALIDAD PROVINCIAL DE JAEN,CAJAMARCA,100.13477446055364
060802,CAJAMARCA,JAEN,BELLAVISTA,2,8147269.67,8151236.45,MUNICIPALIDAD DISTRITAL DE BELLAVISTA,CAJAMARCA,100.04868845835074
060803,CAJAMARCA,JAEN,CHONTALI,2,5599654.53,5605609.61,MUNICIPALIDAD DISTRITAL DE CHONTALI,CAJAMARCA,100.10634727496304
060804,CAJAMARCA,JAEN,COLASAY,2,5473585.9799999995,5476354.91,MUNICIPALIDAD DISTRITAL DE COLASAY,CAJAMARCA,100.05058712898852
060805,CAJAMARCA,JAEN,HUABAL,2,8024726.51,8027275.19,MUNICIPALIDAD DISTRITAL DE HUABAL,CAJAMARCA,100.03176033472074
060806,CAJAMARCA,JAEN,LAS PIRIAS,2,3658355.71,3623550.3600000003,MUNICIPALIDAD DISTRITAL DE LAS PIRIAS,CAJAMARCA,99.04860673048113
060807,CAJAMARCA,JAEN,POMAHUACA,2,5119208.6,5125045.49,MUNICIPALIDAD DISTRITAL DE POMAHUACA,CAJAMARCA,100.114019381824
060808,CAJAMARCA,JAEN,PUCARA,2,3348299.76,3307926.4,MUNICIPALIDAD DISTRITAL DE PUCARA,CAJAMARCA,98.7942130963806
060809,CAJAMARCA,JAEN,SALLIQUE,2,7652752.35,7602799.46,MUNICIPALIDAD DISTRITAL DE SALLIQUE,CAJAMARCA,99.34725589284227
060810,CAJAMARCA,JAEN,SAN FELIPE,2,2898575.08,2899518.06,MUNICIPALIDAD DISTRITAL DE SAN FELIPE,CAJAMARCA,100.03253253664211
060811,CAJAMARCA,JAEN,SAN JOSE DEL ALTO,2,6104217.63,6060623.51,MUNICIPALIDAD DISTRITAL DE SAN JOSE DEL ALTO,CAJAMARCA,99.2858360785541
060812,CAJAMARCA,JAEN,SANTA ROSA,2,5562733.58,5568686.43,MUNICIPALIDAD DISTRITAL DE SANTA ROSA,CAJAMARCA,100.10701303440817
060901,CAJAMARCA,SAN IGNACIO,SAN IGNACIO,1,39305213.76,39313192.17,MUNICIPALIDAD PROVINCIAL DE SAN IGNACIO,CAJAMARCA,100.02029860478235
060902,CAJAMARCA,SAN IGNACIO,CHIRINOS,2,11791740.04,11682175.13,MUNICIPALIDAD DISTRITAL DE CHIRINOS,CAJAMARCA,99.07083340008911
060903,CAJAMARCA,SAN IGNACIO,HUARANGO,2,10280336.8,10017151.17,MUNICIPALIDAD DISTRITAL DE HUARANGO,CAJAMARCA,97.43991237718981
060904,CAJAMARCA,SAN IGNACIO,LA COIPA,2,11894433.370000001,11896589.84,MUNICIPALIDAD DISTRITAL DE LA COIPA,CAJAMARCA,100.01813007759948
060905,CAJAMARCA,SAN IGNACIO,NAMBALLE,2,6172249.75,6175369.85,MUNICIPALIDAD DISTRITAL DE NAMBALLE,CAJAMARCA,100.05055044961523
060906,CAJAMARCA,SAN IGNACIO,SAN JOSE DE LOURDES,2,13927212.29,13848786.08,MUNICIPALIDAD DISTRITAL DE SAN JOSE DE LOURDES,CAJAMARCA,99.43688508247763
060907,CAJAMARCA,SAN IGNACIO,TABACONAS,2,12937889.16,12941963.77,MUNICIPALIDAD DISTRITAL DE TABACONAS,CAJAMARCA,100.03149362272013
061001,CAJAMARCA,SAN MARCOS,PEDRO GALVEZ,1,16734266.26,16742225.7,MUNICIPALIDAD PROVINCIAL DE SAN MARCOS - PEDRO GALVEZ,CAJAMARCA,100.04756372270128
061002,CAJAMARCA,SAN MARCOS,CHANCAY,2,1734459.0,1735157.41,MUNICIPALIDAD DISTRITAL DE CHANCAY,CAJAMARCA,100.04026673446879
061003,CAJAMARCA,SAN MARCOS,EDUARDO VILLANUEVA,2,1542141.78,1542773.72,MUNICIPALIDAD DISTRITAL DE EDUARDO VILLANUEVA,CAJAMARCA,100.0409780740134
061004,CAJAMARCA,SAN MARCOS,GREGORIO PITA,2,2919843.38,2921271.83,MUNICIPALIDAD DISTRITAL DE GREGORIO PITA,CAJAMARCA,100.04892214458435
061005,CAJAMARCA,SAN MARCOS,ICHOCAN,2,1128632.25,1128983.14,MUNICIPALIDAD DISTRITAL DE ICHOCAN,CAJAMARCA,100.03108984348088
061006,CAJAMARCA,SAN MARCOS,JOSE MANUEL QUIROZ,2,2350779.43,2351291.94,MUNICIPALIDAD DISTRITAL DE JOSE MANUEL QUIROZ,CAJAMARCA,100.02180170514764
061007,CAJAMARCA,SAN MARCOS,JOSE SABOGAL,2,7185438.35,7191508.61,MUNICIPALIDAD DISTRITAL DE JOSE SABOGAL,CAJAMARCA,100.08448002340735
061101,CAJAMARCA,SAN MIGUEL,SAN MIGUEL,1,14771546.81,14774280.02,MUNICIPALIDAD PROVINCIAL DE SAN MIGUEL,CAJAMARCA,100.01850320778965
061102,CAJAMARCA,SAN MIGUEL,BOLIVAR,2,762050.18,762459.6,MUNICIPALIDAD DISTRITAL DE BOLIVAR,CAJAMARCA,100.05372612076543
061103,CAJAMARCA,SAN MIGUEL,CALQUIS,2,2824878.61,2825864.13,MUNICIPALIDAD DISTRITAL DE CALQUIS,CAJAMARCA,100.03488716281512
061104,CAJAMARCA,SAN MIGUEL,CATILLUC,2,3383146.92,3386055.62,MUNICIPALIDAD DISTRITAL DE CATILLUC,CAJAMARCA,100.0859761656464
061105,CAJAMARCA,SAN MIGUEL,EL PRADO,2,1063804.15,1064507.8699999999,MUNICIPALIDAD DISTRITAL DE EL PRADO,CAJAMARCA,100.06615127417955
061106,CAJAMARCA,SAN MIGUEL,LA FLORIDA,2,1162750.54,1163421.24,MUNICIPALIDAD DISTRITAL DE LA FLORIDA,CAJAMARCA,100.0576821920891
061107,CAJAMARCA,SAN MIGUEL,LLAPA,2,2603713.77,2605057.38,MUNICIPALIDAD DISTRITAL DE LLAPA,CAJAMARCA,100.05160359850153
061108,CAJAMARCA,SAN MIGUEL,NANCHOC,2,1077550.01,1078306.83,MUNICIPALIDAD DISTRITAL DE NANCHOC,CAJAMARCA,100.0702352552528
061109,CAJAMARCA,SAN MIGUEL,NIEPOS,2,1910527.55,1911479.24,MUNICIPALIDAD DISTRITAL DE NIEPOS,CAJAMARCA,100.04981294302718
061110,CAJAMARCA,SAN MIGUEL,SAN GREGORIO,2,1529090.3699999999,1529426.93,MUNICIPALIDAD DISTRITAL DE SAN GREGORIO,CAJAMARCA,100.02201047149359
061111,CAJAMARCA,SAN MIGUEL,SAN SILVESTRE DE COCHAN,2,2353172.87,2355489.62,MUNICIPALIDAD DISTRITAL DE SAN SILVESTRE DE COCHAN,CAJAMARCA,100.0984521804384
061112,CAJAMARCA,SAN MIGUEL,TONGOD,2,2017864.5,2019087.73,MUNICIPALIDAD DISTRITAL DE TONGOD,CAJAMARCA,100.06062002676592
061113,CAJAMARCA,SAN MIGUEL,UNION AGUA BLANCA,2,1889360.53,1892444.11,MUNICIPALIDAD DISTRITAL DE UNION AGUA BLANCA,CAJAMARCA,100.1632076012512
061201,CAJAMARCA,SAN PABLO,SAN PABLO,1,10959692.48,10974071.120000001,MUNICIPALIDAD PROVINCIAL DE SAN PABLO,CAJAMARCA,100.13119565194224
061202,CAJAMARCA,SAN PABLO,SAN BERNARDINO,2,2774939.73,2724622.73,MUNICIPALIDAD DISTRITAL DE SAN BERNARDINO,CAJAMARCA,98.1867353926278
061203,CAJAMARCA,SAN PABLO,SAN LUIS,2,786450.57,786914.96,MUNICIPALIDAD DISTRITAL DE SAN LUIS,CAJAMARCA,100.0590488477871
061204,CAJAMARCA,SAN PABLO,TUMBADEN,2,3256328.8,3259070.67,MUNICIPALIDAD DISTRITAL DE TUMBADEN,CAJAMARCA,100.08420126370531
061301,CAJAMARCA,SANTA CRUZ,SANTA CRUZ,1,12723128.35,12735691.33,MUNICIPALIDAD PROVINCIAL DE SANTA CRUZ,CAJAMARCA,100.09874128165971
061302,CAJAMARCA,SANTA CRUZ,ANDABAMBA,2,834589.79,835468.91,MUNICIPALIDAD DISTRITAL DE ANDABAMBA,CAJAMARCA,100.10533558048918
061303,CAJAMARCA,SANTA CRUZ,CATACHE,2,6941818.51,6952070.09,MUNICIPALIDAD DISTRITAL DE CATACHE,CAJAMARCA,100.14767859438031
061304,CAJAMARCA,SANTA CRUZ,CHANCAYBAÑOS,2,2314909.2800000003,2316562.04,MUNICIPALIDAD DISTRITAL DE CHANCAYBAÑOS,CAJAMARCA,100.07139631839048
061305,CAJAMARCA,SANTA CRUZ,LA ESPERANZA,2,1487003.41,1488016.49,MUNICIPALIDAD DISTRITAL DE LA ESPERANZA,CAJAMARCA,100.06812896279774
061306,CAJAMARCA,SANTA CRUZ,NINABAMBA,2,1400009.32,1402649.74,MUNICIPALIDAD DISTRITAL DE NINABAMBA,CAJAMARCA,100.18860017303312
061307,CAJAMARCA,SANTA CRUZ,PULAN,2,2588556.91,2589866.52,MUNICIPALIDAD DISTRITAL DE PULAN,CAJAMARCA,100.05059228155041
061308,CAJAMARCA,SANTA CRUZ,SAUCEPAMPA,2,884925.77,885637.09,MUNICIPALIDAD DISTRITAL DE SAUCEPAMPA,CAJAMARCA,100.08038188333016
061309,CAJAMARCA,SANTA CRUZ,SEXI,2,975206.39,976024.94,MUNICIPALIDAD DISTRITAL DE SEXI,CAJAMARCA,100.0839360783926
061310,CAJAMARCA,SANTA CRUZ,UTICYACU,2,967442.57,968991.76,MUNICIPALIDAD DISTRITAL DE UTICYACU,CAJAMARCA,100.16013250274898
061311,CAJAMARCA,SANTA CRUZ,YAUYUCAN,2,1609637.23,1610616.81,MUNICIPALIDAD DISTRITAL DE YAUYUCAN,CAJAMARCA,100.06085719078453
070101,CALLAO,CALLAO,CALLAO,1,424606778.41,424773566.25,MUNICIPALIDAD PROVINCIAL DEL CALLAO,PROVINCIA CONSTITUCIONAL DEL CALLAO,100.03928054107486
070102,CALLAO,CALLAO,BELLAVISTA,2,33041741.79,33047020.4,MUNICIPALIDAD DISTRITAL DE BELLAVISTA,PROVINCIA CONSTITUCIONAL DEL CALLAO,100.01597558032367
070103,CALLAO,CALLAO,CARMEN DE LA LEGUA REYNOSO,2,44611659.93,44561506.28,MUNICIPALIDAD DISTRITAL DE CARMEN DE LA LEGUA REYNOSO,PROVINCIA CONSTITUCIONAL DEL CALLAO,99.88757726101495
070104,CALLAO,CALLAO,LA PERLA,2,43750051.26,43756142.94,MUNICIPALIDAD DISTRITAL DE LA PERLA,PROVINCIA CONSTITUCIONAL DEL CALLAO,100.01392382368606
070105,CALLAO,CALLAO,LA PUNTA,2,25797324.16,25810044.39,MUNICIPALIDAD DISTRITAL DE LA PUNTA,PROVINCIA CONSTITUCIONAL DEL CALLAO,100.04930833105443
070106,CALLAO,CALLAO,VENTANILLA,2,157850759.44,157919614.42,MUNICIPALIDAD DISTRITAL DE VENTANILLA,PROVINCIA CONSTITUCIONAL DEL CALLAO,100.04362030328157
070107,CALLAO,CALLAO,MI PERÚ,2,35221445.26,35226740.39,MUNICIPALIDAD DISTRITAL DE MI PERU,PROVINCIA CONSTITUCIONAL DEL CALLAO,100.01503382374266
080101,CUSCO,CUSCO,CUSCO,1,191833852.06,192118932.55,MUNICIPALIDAD PROVINCIAL DEL CUZCO,CUSCO,100.14860802039821
080102,CUSCO,CUSCO,CCORCA,2,4874654.16,4883830.99,MUNICIPALIDAD DISTRITAL DE CCORCCA,CUSCO,100.18825602183848
080103,CUSCO,CUSCO,POROY,2,15371877.11,15397085.459999999,MUNICIPALIDAD DISTRITAL DE POROY,CUSCO,100.16399005677454
080104,CUSCO,CUSCO,SAN JERONIMO,2,61906378.85,61985397.87,MUNICIPALIDAD DISTRITAL DE SAN JERONIMO,CUSCO,100.1276427752162
080105,CUSCO,CUSCO,SAN SEBASTIAN,2,100348268.31,100692569.07,MUNICIPALIDAD DISTRITAL DE SAN SEBASTIAN,CUSCO,100.34310583112044
080106,CUSCO,CUSCO,SANTIAGO,2,79717654.37,80008798.74,MUNICIPALIDAD DISTRITAL DE SANTIAGO,CUSCO,100.36521943890706
080107,CUSCO,CUSCO,SAYLLA,2,13037928.08,13052637.7,MUNICIPALIDAD DISTRITAL DE SAYLLA,CUSCO,100.11282176055691
080108,CUSCO,CUSCO,WANCHAQ,2,18771736.67,18831885.37,MUNICIPALIDAD DISTRITAL DE WANCHAQ,CUSCO,100.32042160540279
080201,CUSCO,ACOMAYO,ACOMAYO,1,10166286.78,10178811.94,MUNICIPALIDAD PROVINCIAL DE ACOMAYO,CUSCO,100.12320289866936
080202,CUSCO,ACOMAYO,ACOPIA,2,4744987.37,4749400.24,MUNICIPALIDAD DISTRITAL DE ACOPIA,CUSCO,100.09300066904076
080203,CUSCO,ACOMAYO,ACOS,2,3381792.66,3384604.54,MUNICIPALIDAD DISTRITAL DE ACOS,CUSCO,100.0831476167436
080204,CUSCO,ACOMAYO,MOSOC LLACTA,2,3144734.86,3147514.62,MUNICIPALIDAD DISTRITAL DE MOSOC LLACTA,CUSCO,100.08839409755518
080205,CUSCO,ACOMAYO,POMACANCHI,2,11408681.68,11423108.23,MUNICIPALIDAD DISTRITAL DE POMACANCHI,CUSCO,100.12645238428635
080206,CUSCO,ACOMAYO,RONDOCAN,2,2685121.95,2688063.58,MUNICIPALIDAD DISTRITAL DE RONDOCAN,CUSCO,100.10955293855461
080207,CUSCO,ACOMAYO,SANGARARA,2,6045096.2,6048272.3100000005,MUNICIPALIDAD DISTRITAL DE SANGARARA,CUSCO,100.05254027222925
080301,CUSCO,ANTA,ANTA,1,41732587.44,41777790.56,MUNICIPALIDAD PROVINCIAL DE ANTA,CUSCO,100.1083161212206
080302,CUSCO,ANTA,ANCAHUASI,2,13341942.83,13353731.46,MUNICIPALIDAD DISTRITAL DE ANCAHUASI,CUSCO,100.08835767136921
080303,CUSCO,ANTA,CACHIMAYO,2,3079523.67,3083369.78,MUNICIPALIDAD DISTRITAL DE CACHIMAYO,CUSCO,100.12489301632807
080304,CUSCO,ANTA,CHINCHAYPUJIO,2,10662701.2,10682351.379999999,MUNICIPALIDAD DISTRITAL DE CHINCHAYPUJIO,CUSCO,100.18428894922047
080305,CUSCO,ANTA,HUAROCONDO,2,7939760.62,7953482.21,MUNICIPALIDAD DISTRITAL DE HUAROCONDO,CUSCO,100.17282120528213
080306,CUSCO,ANTA,LIMATAMBO,2,12292205.84,12298638.93,MUNICIPALIDAD DISTRITAL DE LIMATAMBO,CUSCO,100.05233470773054
080307,CUSCO,ANTA,MOLLEPATA,2,10553831.41,10568387.83,MUNICIPALIDAD DISTRITAL DE MOLLEPATA,CUSCO,100.13792545507414
080308,CUSCO,ANTA,PUCYURA,2,6056680.6,6059929.17,MUNICIPALIDAD DISTRITAL DE PUCYURA,CUSCO,100.05363614518488
080309,CUSCO,ANTA,ZURITE,2,5469804.0,5479576.99,MUNICIPALIDAD DISTRITAL DE ZURITE,CUSCO,100.17867166721147
080401,CUSCO,CALCA,CALCA,1,45386147.07,45435165.07,MUNICIPALIDAD PROVINCIAL DE CALCA,CUSCO,100.1080021177484
080402,CUSCO,CALCA,COYA,2,6031944.87,6034954.56,MUNICIPALIDAD DISTRITAL DE COYA,CUSCO,100.04989584727421
080403,CUSCO,CALCA,LAMAY,2,9481745.69,9493933.75,MUNICIPALIDAD DISTRITAL DE LAMAY,CUSCO,100.12854236338414
080404,CUSCO,CALCA,LARES,2,20482659.31,20517120.13,MUNICIPALIDAD DISTRITAL DE LARES,CUSCO,100.16824387633679
080405,CUSCO,CALCA,PISAC,2,25758905.89,25786749.27,MUNICIPALIDAD DISTRITAL DE PISAC,CUSCO,100.10809224630464
080406,CUSCO,CALCA,SAN SALVADOR,2,11014509.07,11020439.32,MUNICIPALIDAD DISTRITAL DE SAN SALVADOR,CUSCO,100.0538403478749
080407,CUSCO,CALCA,TARAY,2,7752194.8,7767850.38,MUNICIPALIDAD DISTRITAL DE TARAY,CUSCO,100.2019502915484
080408,CUSCO,CALCA,YANATILE,2,26855672.09,26867157.7,MUNICIPALIDAD DISTRITAL DE YANATILE,CUSCO,100.04276791123122
080501,CUSCO,CANAS,YANAOCA,1,22327416.66,22346543.12,MUNICIPALIDAD PROVINCIAL DE CANAS - YANAOCA,CUSCO,100.08566356014785
080502,CUSCO,CANAS,CHECCA,2,15726128.64,15659193.56,MUNICIPALIDAD DISTRITAL DE CHECCA,CUSCO,99.57437026281377
080503,CUSCO,CANAS,KUNTURKANKI,2,10753336.91,10761654.95,MUNICIPALIDAD DISTRITAL DE KUNTURKANKI,CUSCO,100.07735310508373
080504,CUSCO,CANAS,LANGUI,2,4289442.61,4291911.1,MUNICIPALIDAD DISTRITAL DE LANGUI,CUSCO,100.0575480365268
080505,CUSCO,CANAS,LAYO,2,12654279.41,12661435.16,MUNICIPALIDAD DISTRITAL DE LAYO,CUSCO,100.05654806384585
080506,CUSCO,CANAS,PAMPAMARCA,2,3193086.34,3194801.4,MUNICIPALIDAD DISTRITAL DE PAMPAMARCA,CUSCO,100.05371167007029
080507,CUSCO,CANAS,QUEHUE,2,6213227.97,6222423.76,MUNICIPALIDAD DISTRITAL DE QUEHUE,CUSCO,100.14800342180267
080508,CUSCO,CANAS,TUPAC AMARU,2,3775262.41,3777389.58,MUNICIPALIDAD DISTRITAL DE TUPAC AMARU,CUSCO,100.05634495748866
080601,CUSCO,CANCHIS,SICUANI,1,75735460.57,75906427.16,MUNICIPALIDAD PROVINCIAL DE CANCHIS - SICUANI,CUSCO,100.22574179745297
080602,CUSCO,CANCHIS,CHECACUPE,2,8971504.53,8977185.73,MUNICIPALIDAD DISTRITAL DE CHECACUPE,CUSCO,100.06332494155248
080603,CUSCO,CANCHIS,COMBAPATA,2,6734573.6,6737656.59,MUNICIPALIDAD DISTRITAL DE COMBAPATA,CUSCO,100.04577854788016
080604,CUSCO,CANCHIS,MARANGANI,2,12057162.66,12063250.73,MUNICIPALIDAD DISTRITAL DE MARANGANI,CUSCO,100.05049338863277
080605,CUSCO,CANCHIS,PITUMARCA,2,16448282.72,16470622.27,MUNICIPALIDAD DISTRITAL DE PITUMARCA,CUSCO,100.1358169140225
080606,CUSCO,CANCHIS,SAN PABLO,2,7432306.9,7440436.15,MUNICIPALIDAD DISTRITAL DE SAN PABLO,CUSCO,100.10937721099756
080607,CUSCO,CANCHIS,SAN PEDRO,2,4013732.34,4016372.62,MUNICIPALIDAD DISTRITAL DE SAN PEDRO,CUSCO,100.06578116766003
080608,CUSCO,CANCHIS,TINTA,2,7218351.140000001,7236099.49,MUNICIPALIDAD DISTRITAL DE TINTA,CUSCO,100.24587817433331
080701,CUSCO,CHUMBIVILCAS,SANTO TOMAS,1,71761975.62,71797359.63,MUNICIPALIDAD PROVINCIAL DE CHUMBIVILCAS - SANTO TOMAS,CUSCO,100.04930746358959
080702,CUSCO,CHUMBIVILCAS,CAPACMARCA,2,9958927.43,9973307.12,MUNICIPALIDAD DISTRITAL DE CAPACMARCA,CUSCO,100.14438994661897
080703,CUSCO,CHUMBIVILCAS,CHAMACA,2,18886857.66,18895544.6,MUNICIPALIDAD DISTRITAL DE CHAMACA,CUSCO,100.04599462841509
080704,CUSCO,CHUMBIVILCAS,COLQUEMARCA,2,21369753.14,21378889.48,MUNICIPALIDAD DISTRITAL DE COLQUEMARCA,CUSCO,100.0427536057162
080705,CUSCO,CHUMBIVILCAS,LIVITACA,2,68390750.38,68404008.67,MUNICIPALIDAD DISTRITAL DE LIVITACA,CUSCO,100.01938608646101
080706,CUSCO,CHUMBIVILCAS,LLUSCO,2,15378073.7,15380773.09,MUNICIPALIDAD DISTRITAL DE LLUSCO,CUSCO,100.0175534989145
080707,CUSCO,CHUMBIVILCAS,QUIÑOTA,2,12908612.99,12924137.82,MUNICIPALIDAD DISTRITAL DE QUIÑOTA,CUSCO,100.12026722012679
080708,CUSCO,CHUMBIVILCAS,VELILLE,2,26489313.64,26515085.45,MUNICIPALIDAD DISTRITAL DE VELILLE,CUSCO,100.09729134680592
080801,CUSCO,ESPINAR,ESPINAR,1,158434558.83,158881501.55,MUNICIPALIDAD PROVINCIAL DE ESPINAR,CUSCO,100.28209926123478
080802,CUSCO,ESPINAR,CONDOROMA,2,4864828.09,4872955.52,MUNICIPALIDAD DISTRITAL DE CONDOROMA,CUSCO,100.1670651017804
080803,CUSCO,ESPINAR,COPORAQUE,2,28564423.69,28569679.92,MUNICIPALIDAD DISTRITAL DE COPORAQUE,CUSCO,100.0184013164664
080804,CUSCO,ESPINAR,OCORURO,2,7474510.53,7480657.75,MUNICIPALIDAD DISTRITAL DE OCORURO,CUSCO,100.08224244216831
080805,CUSCO,ESPINAR,PALLPATA,2,24519069.47,24563259.73,MUNICIPALIDAD DISTRITAL DE PALLPATA,CUSCO,100.18022812837197
080806,CUSCO,ESPINAR,PICHIGUA,2,10472439.82,10476865.51,MUNICIPALIDAD DISTRITAL DE PICHIGUA,CUSCO,100.04226035265962
080807,CUSCO,ESPINAR,SUYCKUTAMBO,2,8377511.99,8380515.0,MUNICIPALIDAD DISTRITAL DE SUYCKUTAMBO,CUSCO,100.0358460841785
080808,CUSCO,ESPINAR,ALTO PICHIGUA,2,6839875.27,6801207.37,MUNICIPALIDAD DISTRITAL DE ALTO PICHIGUA,CUSCO,99.43466951554514
080901,CUSCO,LA CONVENCION,SANTA ANA,1,99979051.67,100158162.7,MUNICIPALIDAD PROVINCIAL DE LA CONVENCION - SANTA ANA,CUSCO,100.17914855863125
080902,CUSCO,LA CONVENCION,ECHARATE,2,127640339.36,127881375.39999999,MUNICIPALIDAD DISTRITAL DE ECHARATI,CUSCO,100.18884001813892
080903,CUSCO,LA CONVENCION,HUAYOPATA,2,24387712.24,24396043.759999998,MUNICIPALIDAD DISTRITAL DE HUAYOPATA,CUSCO,100.0341627780335
080904,CUSCO,LA CONVENCION,MARANURA,2,19629223.19,19435854.6,MUNICIPALIDAD DISTRITAL DE MARANURA,CUSCO,99.01489433316694
080905,CUSCO,LA CONVENCION,OCOBAMBA,2,34934449.35,34993521.64,MUNICIPALIDAD DISTRITAL DE OCOBAMBA,CUSCO,100.16909466471954
080906,CUSCO,LA CONVENCION,QUELLOUNO,2,109849348.22,110109893.61,MUNICIPALIDAD DISTRITAL DE QUELLOUNO,CUSCO,100.2371842839506
080907,CUSCO,LA CONVENCION,KIMBIRI,2,148628735.07,148875544.67,MUNICIPALIDAD DISTRITAL DE QUIMBIRI,CUSCO,100.16605779486972
080908,CUSCO,LA CONVENCION,SANTA TERESA,2,35815962.57,35862607.56,MUNICIPALIDAD DISTRITAL DE SANTA TERESA,CUSCO,100.13023519864595
080909,CUSCO,LA CONVENCION,VILCABAMBA,2,69666525.19,69851597.22,MUNICIPALIDAD DISTRITAL DE VILCABAMBA,CUSCO,100.26565417106029
080910,CUSCO,LA CONVENCION,PICHARI,2,192579448.02,193284562.35999998,MUNICIPALIDAD DISTRITAL DE PICHARI,CUSCO,100.36614205059242
080911,CUSCO,LA CONVENCION,INKAWASI,2,19640923.05,19667111.3,MUNICIPALIDAD DISTRITAL DE INKAWASI,CUSCO,100.13333512856464
080912,CUSCO,LA CONVENCION,VILLA VIRGEN,2,27083773.44,27111579.46,MUNICIPALIDAD DISTRITAL DE VILLA VIRGEN,CUSCO,100.10266671319489
080913,CUSCO,LA CONVENCION,VILLA KINTIARINA,2,26831180.8,26856333.13,MUNICIPALIDAD DISTRITAL DE VILLA KINTIARINA,CUSCO,100.09374291123258
080914,CUSCO,LA CONVENCION,MEGANTONI,2,352722818.81,353950083.29,MUNICIPALIDAD DISTRITAL DE MEGANTONI,CUSCO,100.34794019965607
080915,CUSCO,LA CONVENCION,KUMPIRUSHIATO,2,59736625.07,59775239.77,MUNICIPALIDAD DISTRITAL DE KUMPIRUSHIATO,CUSCO,100.06464158287274
080916,CUSCO,LA CONVENCION,CIELO PUNCO,2,19854488.76,19878899.08,MUNICIPALIDAD DISTRITAL DE CIELO PUNCO,CUSCO,100.12294610198765
080917,CUSCO,LA CONVENCION,MANITEA,2,34114715.29,34178428.43,MUNICIPALIDAD DISTRITAL DE MANITEA,CUSCO,100.18676145897274
080918,CUSCO,LA CONVENCION,UNION ASHANINKA,2,59239950.03,59467411.74,MUNICIPALIDAD DISTRITAL DE UNION ASHANINKA,CUSCO,100.38396674859585
081001,CUSCO,PARURO,PARURO,1,10115467.31,10123020.13,MUNICIPALIDAD PROVINCIAL DE PARURO,CUSCO,100.07466605119205
081002,CUSCO,PARURO,ACCHA,2,4808408.59,4813215.37,MUNICIPALIDAD DISTRITAL DE ACCHA,CUSCO,100.09996613037413
081003,CUSCO,PARURO,CCAPI,2,6791726.63,6801408.64,MUNICIPALIDAD DISTRITAL DE CCAPI,CUSCO,100.14255594383368
081004,CUSCO,PARURO,COLCHA,2,1472134.79,1473246.7,MUNICIPALIDAD DISTRITAL DE COLCHA,CUSCO,100.07553044786069
081005,CUSCO,PARURO,HUANOQUITE,2,10383198.82,10387494.34,MUNICIPALIDAD DISTRITAL DE HUANOQUITE,CUSCO,100.04136990993301
081006,CUSCO,PARURO,OMACHA,2,13267366.14,13282322.01,MUNICIPALIDAD DISTRITAL DE OMACHA,CUSCO,100.1127267450237
081007,CUSCO,PARURO,PACCARITAMBO,2,3641710.16,3645159.62,MUNICIPALIDAD DISTRITAL DE PACCARITAMBO,CUSCO,100.09472088245485
081008,CUSCO,PARURO,PILLPINTO,2,1604656.53,1605320.48,MUNICIPALIDAD DISTRITAL DE PILLPINTO,CUSCO,100.04137645580765
081009,CUSCO,PARURO,YAURISQUE,2,3001588.64,3002651.46,MUNICIPALIDAD DISTRITAL DE YAURISQUE,CUSCO,100.03540858283631
081101,CUSCO,PAUCARTAMBO,PAUCARTAMBO,1,39660925.62,39758325.53,MUNICIPALIDAD PROVINCIAL DE PAUCARTAMBO,CUSCO,100.24558153516944
081102,CUSCO,PAUCARTAMBO,CAICAY,2,7517602.47,7533308.29,MUNICIPALIDAD DISTRITAL DE CAICAY,CUSCO,100.20892059752663
081103,CUSCO,PAUCARTAMBO,CHALLABAMBA,2,25250476.04,25309242.59,MUNICIPALIDAD DISTRITAL DE CHALLABAMBA,CUSCO,100.23273442412297
081104,CUSCO,PAUCARTAMBO,COLQUEPATA,2,24059066.240000002,24063737.44,MUNICIPALIDAD DISTRITAL DE COLQUEPATA,CUSCO,100.01941554985302
081105,CUSCO,PAUCARTAMBO,HUANCARANI,2,16381809.9,16396470.43,MUNICIPALIDAD DISTRITAL DE HUANCARANI,CUSCO,100.08949273669694
081106,CUSCO,PAUCARTAMBO,KOSÑIPATA,2,21791840.12,21878354.86,MUNICIPALIDAD DISTRITAL DE KOSÑIPATA,CUSCO,100.39700520710318
081201,CUSCO,QUISPICANCHI,URCOS,1,32157953.14,32182222.38,MUNICIPALIDAD PROVINCIAL DE QUISPICANCHIS - URCOS,CUSCO,100.07546885802819
081202,CUSCO,QUISPICANCHI,ANDAHUAYLILLAS,2,12507342.35,12523502.26,MUNICIPALIDAD DISTRITAL DE ANDAHUAYLILLAS,CUSCO,100.12920338748064
081203,CUSCO,QUISPICANCHI,CAMANTI,2,8504677.95,8510230.78,MUNICIPALIDAD DISTRITAL DE CAMANTI,CUSCO,100.06529147879138
081204,CUSCO,QUISPICANCHI,CCARHUAYO,2,10330725.17,10338786.02,MUNICIPALIDAD DISTRITAL DE CCARHUAYO,CUSCO,100.07802792028006
081205,CUSCO,QUISPICANCHI,CCATCA,2,35834828.45,35907202.61,MUNICIPALIDAD DISTRITAL DE CCATCA,CUSCO,100.20196597313415
081206,CUSCO,QUISPICANCHI,CUSIPATA,2,11114138.15,11144807.959999999,MUNICIPALIDAD DISTRITAL DE CUSIPATA,CUSCO,100.27595311112809
081207,CUSCO,QUISPICANCHI,HUARO,2,10103630.540000001,10112105.91,MUNICIPALIDAD DISTRITAL DE HUARO,CUSCO,100.08388440141833
081208,CUSCO,QUISPICANCHI,LUCRE,2,10395569.4,10406868.98,MUNICIPALIDAD DISTRITAL DE LUCRE,CUSCO,100.10869611432732
081209,CUSCO,QUISPICANCHI,MARCAPATA,2,18900645.82,18932988.23,MUNICIPALIDAD DISTRITAL DE MARCAPATA,CUSCO,100.17111801526791
081210,CUSCO,QUISPICANCHI,OCONGATE,2,39224316.84,38893350.33,MUNICIPALIDAD DISTRITAL DE OCONGATE,CUSCO,99.15622109787138
081211,CUSCO,QUISPICANCHI,OROPESA,2,14582734.31,14594792.540000001,MUNICIPALIDAD DISTRITAL DE OROPESA,CUSCO,100.08268840221365
081212,CUSCO,QUISPICANCHI,QUIQUIJANA,2,24686266.35,24707723.16,MUNICIPALIDAD DISTRITAL DE QUIQUIJANA,CUSCO,100.08691800410716
081301,CUSCO,URUBAMBA,URUBAMBA,1,32424972.2,32511882.4,MUNICIPALIDAD PROVINCIAL DE URUBAMBA,CUSCO,100.26803477105217
081302,CUSCO,URUBAMBA,CHINCHERO,2,14394396.32,14417746.49,MUNICIPALIDAD DISTRITAL DE CHINCHERO,CUSCO,100.16221708421044
081303,CUSCO,URUBAMBA,HUAYLLABAMBA,2,7738380.33,7741777.91,MUNICIPALIDAD DISTRITAL DE HUAYLLABAMBA,CUSCO,100.04390557009492
081304,CUSCO,URUBAMBA,MACHUPICCHU,2,48143032.47,48170007.12,MUNICIPALIDAD DISTRITAL DE MACHUPICCHU,CUSCO,100.05603022621563
081305,CUSCO,URUBAMBA,MARAS,2,23846859.17,23876145.39,MUNICIPALIDAD DISTRITAL DE MARAS,CUSCO,100.12280954817246
081306,CUSCO,URUBAMBA,OLLANTAYTAMBO,2,32770880.05,32807897.99,MUNICIPALIDAD DISTRITAL DE OLLANTAYTAMBO,CUSCO,100.11295985931265
081307,CUSCO,URUBAMBA,YUCAY,2,3611770.69,3613426.51,MUNICIPALIDAD DISTRITAL DE YUCAY,CUSCO,100.04584510319508
090101,HUANCAVELICA,HUANCAVELICA,HUANCAVELICA,1,45634038.07,45695910.85,MUNICIPALIDAD PROVINCIAL DE HUANCAVELICA,HUANCAVELICA,100.13558471399153
090102,HUANCAVELICA,HUANCAVELICA,ACOBAMBILLA,2,2593475.27,2596308.1,MUNICIPALIDAD DISTRITAL DE ACOBAMBILLA,HUANCAVELICA,100.10922911171619
090103,HUANCAVELICA,HUANCAVELICA,ACORIA,2,15619763.200000001,15642737.8,MUNICIPALIDAD DISTRITAL DE ACORIA,HUANCAVELICA,100.14708673688472
090104,HUANCAVELICA,HUANCAVELICA,CONAYCA,2,850316.59,851659.79,MUNICIPALIDAD DISTRITAL DE CONAYCA,HUANCAVELICA,100.15796469406766
090105,HUANCAVELICA,HUANCAVELICA,CUENCA,2,962145.19,963552.03,MUNICIPALIDAD DISTRITAL DE CUENCA,HUANCAVELICA,100.14621909610129
090106,HUANCAVELICA,HUANCAVELICA,HUACHOCOLPA,2,3806176.12,3809812.13,MUNICIPALIDAD DISTRITAL DE HUACHOCOLPA,HUANCAVELICA,100.09552921056107
090107,HUANCAVELICA,HUANCAVELICA,HUAYLLAHUARA,2,770982.19,771829.25,MUNICIPALIDAD DISTRITAL DE HUAYLLAHUARA,HUANCAVELICA,100.10986764817487
090108,HUANCAVELICA,HUANCAVELICA,IZCUCHACA,2,885147.72,887269.32,MUNICIPALIDAD DISTRITAL DE IZCUCHACA,HUANCAVELICA,100.23968880584135
090109,HUANCAVELICA,HUANCAVELICA,LARIA,2,756413.87,756766.54,MUNICIPALIDAD DISTRITAL DE LARIA,HUANCAVELICA,100.0466239467555
090110,HUANCAVELICA,HUANCAVELICA,MANTA,2,1509780.82,1511655.93,MUNICIPALIDAD DISTRITAL DE MANTA,HUANCAVELICA,100.12419749775334
090111,HUANCAVELICA,HUANCAVELICA,MARISCAL CACERES,2,703507.5599999999,704007.46,MUNICIPALIDAD DISTRITAL DE MARISCAL CÁCERES,HUANCAVELICA,100.07105822714969
090112,HUANCAVELICA,HUANCAVELICA,MOYA,2,1059480.23,1061361.3699999999,MUNICIPALIDAD DISTRITAL DE MOYA,HUANCAVELICA,100.17755310073127
090113,HUANCAVELICA,HUANCAVELICA,NUEVO OCCORO,2,1900221.47,1902101.29,MUNICIPALIDAD DISTRITAL DE NUEVO OCCORO,HUANCAVELICA,100.0989263635675
090114,HUANCAVELICA,HUANCAVELICA,PALCA,2,2485466.74,2487282.42,MUNICIPALIDAD DISTRITAL DE PALCA,HUANCAVELICA,100.07305187274402
090115,HUANCAVELICA,HUANCAVELICA,PILCHACA,2,734750.48,735450.48,MUNICIPALIDAD DISTRITAL DE PILCHACA,HUANCAVELICA,100.09527043793153
090116,HUANCAVELICA,HUANCAVELICA,VILCA,2,1679884.67,1681871.8699999999,MUNICIPALIDAD DISTRITAL DE VILCA,HUANCAVELICA,100.11829383501667
090117,HUANCAVELICA,HUANCAVELICA,YAULI,2,19117127.03,19141025.83,MUNICIPALIDAD DISTRITAL DE YAULI,HUANCAVELICA,100.12501250822099
090118,HUANCAVELICA,HUANCAVELICA,ASCENSION,2,9672712.35,9711134.540000001,MUNICIPALIDAD DISTRITAL ASCENSION,HUANCAVELICA,100.39722250191801
090119,HUANCAVELICA,HUANCAVELICA,HUANDO,2,9005768.55,9010913.12,MUNICIPALIDAD DISTRITAL DE HUANDO,HUANCAVELICA,100.05712527444422
090201,HUANCAVELICA,ACOBAMBA,ACOBAMBA,1,13299966.64,13318715.72,MUNICIPALIDAD PROVINCIAL DE ACOBAMBA,HUANCAVELICA,100.1409708799089
090202,HUANCAVELICA,ACOBAMBA,ANDABAMBA,2,2291969.34,2294814.4899999998,MUNICIPALIDAD DISTRITAL DE ANDABAMBA,HUANCAVELICA,100.124135604711
090203,HUANCAVELICA,ACOBAMBA,ANTA,2,4792036.49,4795062.4399999995,MUNICIPALIDAD DISTRITAL DE ANTA,HUANCAVELICA,100.06314538727561
090204,HUANCAVELICA,ACOBAMBA,CAJA,2,2980752.86,2981207.2,MUNICIPALIDAD DISTRITAL DE CAJA,HUANCAVELICA,100.01524245790709
090205,HUANCAVELICA,ACOBAMBA,MARCAS,2,1141807.74,1142525.44,MUNICIPALIDAD DISTRITAL DE MARCAS,HUANCAVELICA,100.06285646653613
090206,HUANCAVELICA,ACOBAMBA,PAUCARA,2,10829152.89,10837730.74,MUNICIPALIDAD DISTRITAL DE PAUCARA,HUANCAVELICA,100.07921072023944
090207,HUANCAVELICA,ACOBAMBA,POMACOCHA,2,3411104.51,3412090.41,MUNICIPALIDAD DISTRITAL DE POMACOCHA,HUANCAVELICA,100.02890266179503
090208,HUANCAVELICA,ACOBAMBA,ROSARIO,2,3508241.33,3515417.6,MUNICIPALIDAD DISTRITAL DE ROSARIO,HUANCAVELICA,100.20455462794516
090301,HUANCAVELICA,ANGARAES,LIRCAY,1,29174379.46,29216362.87,MUNICIPALIDAD PROVINCIAL DE ANGARAES - LIRCAY,HUANCAVELICA,100.14390506594171
090302,HUANCAVELICA,ANGARAES,ANCHONGA,2,4745807.58,4758445.88,MUNICIPALIDAD DISTRITAL DE ANCHONGA,HUANCAVELICA,100.26630451797627
090303,HUANCAVELICA,ANGARAES,CALLANMARCA,2,710223.64,710950.95,MUNICIPALIDAD DISTRITAL DE CALLANMARCA,HUANCAVELICA,100.10240577179323
090304,HUANCAVELICA,ANGARAES,CCOCHACCASA,2,2236373.34,2237481.63,MUNICIPALIDAD DISTRITAL DE CCOCHACCASA,HUANCAVELICA,100.04955746789578
090305,HUANCAVELICA,ANGARAES,CHINCHO,2,1270782.2,1273214.79,MUNICIPALIDAD DISTRITAL DE CHINCHO,HUANCAVELICA,100.19142462020636
090306,HUANCAVELICA,ANGARAES,CONGALLA,2,2726579.95,2729499.93,MUNICIPALIDAD DISTRITAL DE CONGALLA,HUANCAVELICA,100.10709313695348
090307,HUANCAVELICA,ANGARAES,HUANCA-HUANCA,2,955970.16,957952.03,MUNICIPALIDAD DISTRITAL DE HUANCA HUANCA,HUANCAVELICA,100.20731504841113
090308,HUANCAVELICA,ANGARAES,HUAYLLAY GRANDE,2,834734.18,835285.68,MUNICIPALIDAD DISTRITAL DE HUAYLLAY GRANDE,HUANCAVELICA,100.0660689370597
090309,HUANCAVELICA,ANGARAES,JULCAMARCA,2,985717.36,987029.6,MUNICIPALIDAD DISTRITAL DE JULCAMARCA,HUANCAVELICA,100.1331253819046
090310,HUANCAVELICA,ANGARAES,SAN ANTONIO DE ANTAPARCO,2,7280515.050000001,7284857.539999999,MUNICIPALIDAD DISTRITAL DE SAN ANTONIO DE ANTAPARCO,HUANCAVELICA,100.0596453680842
090311,HUANCAVELICA,ANGARAES,SANTO TOMAS DE PATA,2,3615858.3000000003,3617529.0399999996,MUNICIPALIDAD DISTRITAL DE SANTO TOMAS DE PATA,HUANCAVELICA,100.04620590358861
090312,HUANCAVELICA,ANGARAES,SECCLLA,2,2071351.54,2073442.56,MUNICIPALIDAD DISTRITAL DE SECCLLA,HUANCAVELICA,100.10094954717343
090401,HUANCAVELICA,CASTROVIRREYNA,CASTROVIRREYNA,1,7652413.32,7663324.56,MUNICIPALIDAD PROVINCIAL DE CASTROVIRREYNA,HUANCAVELICA,100.14258560722907
090402,HUANCAVELICA,CASTROVIRREYNA,ARMA,2,1007127.7999999999,1008149.16,MUNICIPALIDAD DISTRITAL DE ARMA,HUANCAVELICA,100.10141314736819
090403,HUANCAVELICA,CASTROVIRREYNA,AURAHUA,2,1618985.57,1619891.57,MUNICIPALIDAD DISTRITAL DE AURAHUA,HUANCAVELICA,100.0559609682006
090404,HUANCAVELICA,CASTROVIRREYNA,CAPILLAS,2,1352660.49,1354349.38,MUNICIPALIDAD DISTRITAL DE CAPILLAS,HUANCAVELICA,100.12485690330173
090405,HUANCAVELICA,CASTROVIRREYNA,CHUPAMARCA,2,1295167.43,1299366.7,MUNICIPALIDAD DISTRITAL DE CHUPAMARCA,HUANCAVELICA,100.32422603462165
090406,HUANCAVELICA,CASTROVIRREYNA,COCAS,2,1000094.2999999999,1000576.69,MUNICIPALIDAD DISTRITAL DE COCAS,HUANCAVELICA,100.04823445149123
090407,HUANCAVELICA,CASTROVIRREYNA,HUACHOS,2,1047595.67,1048308.9299999999,MUNICIPALIDAD DISTRITAL DE HUACHOS,HUANCAVELICA,100.06808542841723
090408,HUANCAVELICA,CASTROVIRREYNA,HUAMATAMBO,2,777391.54,777846.34,MUNICIPALIDAD DISTRITAL DE HUAMATAMBO,HUANCAVELICA,100.05850333797046
090409,HUANCAVELICA,CASTROVIRREYNA,MOLLEPAMPA,2,1366106.42,1368163.94,MUNICIPALIDAD DISTRITAL DE MOLLEPAMPA,HUANCAVELICA,100.1506119852654
090410,HUANCAVELICA,CASTROVIRREYNA,SAN JUAN,2,910222.46,910812.38,MUNICIPALIDAD DISTRITAL DE SAN JUAN,HUANCAVELICA,100.06481052994452
090411,HUANCAVELICA,CASTROVIRREYNA,SANTA ANA,2,2021882.1500000001,2020116.16,MUNICIPALIDAD DISTRITAL DE SANTA ANA,HUANCAVELICA,99.91265613576932
090412,HUANCAVELICA,CASTROVIRREYNA,TANTARA,2,766078.43,764831.75,MUNICIPALIDAD DISTRITAL DE TANTARA,HUANCAVELICA,99.83726470408519
090413,HUANCAVELICA,CASTROVIRREYNA,TICRAPO,2,1388217.5,1390203.66,MUNICIPALIDAD DISTRITAL DE TICRAPO,HUANCAVELICA,100.14307268133416
090501,HUANCAVELICA,CHURCAMPA,CHURCAMPA,1,14142436.52,14148635.99,MUNICIPALIDAD PROVINCIAL DE CHURCAMPA,HUANCAVELICA,100.04383594008878
090502,HUANCAVELICA,CHURCAMPA,ANCO,2,5522883.76,5525367.48,MUNICIPALIDAD DISTRITAL DE ANCO,HUANCAVELICA,100.04497143354689
090503,HUANCAVELICA,CHURCAMPA,CHINCHIHUASI,2,1614710.0,1615620.1099999999,MUNICIPALIDAD DISTRITAL DE CHINCHIHUASI,HUANCAVELICA,100.0563636814041
090504,HUANCAVELICA,CHURCAMPA,EL CARMEN,2,1939743.33,1941097.57,MUNICIPALIDAD DISTRITAL DE EL CARMEN,HUANCAVELICA,100.0698154224353
090505,HUANCAVELICA,CHURCAMPA,LA MERCED,2,855875.41,856790.0700000001,MUNICIPALIDAD DISTRITAL DE LA MERCED,HUANCAVELICA,100.10686835832799
090506,HUANCAVELICA,CHURCAMPA,LOCROJA,2,2644467.92,2646871.22,MUNICIPALIDAD DISTRITAL DE LOCROJA,HUANCAVELICA,100.09088028566444
090507,HUANCAVELICA,CHURCAMPA,PAUCARBAMBA,2,3419076.46,3421319.43,MUNICIPALIDAD DISTRITAL DE PAUCARBAMBA,HUANCAVELICA,100.06560163325508
090508,HUANCAVELICA,CHURCAMPA,SAN MIGUEL DE MAYOCC,2,726174.49,727034.57,MUNICIPALIDAD DISTRITAL DE SAN MIGUEL DE MAYOCC,HUANCAVELICA,100.11843985320938
090509,HUANCAVELICA,CHURCAMPA,SAN PEDRO DE CORIS,2,3848130.83,3852138.96,MUNICIPALIDAD DISTRITAL DE SAN PEDRO DE CORIS,HUANCAVELICA,100.10415784122391
090510,HUANCAVELICA,CHURCAMPA,PACHAMARCA,2,9347569.36,9349945.27,MUNICIPALIDAD DISTRITAL DE PACHAMARCA,HUANCAVELICA,100.02541740968692
090511,HUANCAVELICA,CHURCAMPA,COSME,2,2255184.92,2257401.13,MUNICIPALIDAD DISTRITAL DE COSME,HUANCAVELICA,100.09827176389598
090601,HUANCAVELICA,HUAYTARA,HUAYTARA,1,7529903.5,7535707.84,MUNICIPALIDAD PROVINCIAL DE HUAYTARA,HUANCAVELICA,100.07708385638674
090602,HUANCAVELICA,HUAYTARA,AYAVI,2,1852111.78,1855700.42,MUNICIPALIDAD DISTRITAL DE AYAVI,HUANCAVELICA,100.1937593637032
090603,HUANCAVELICA,HUAYTARA,CORDOVA,2,1138174.84,1138529.88,MUNICIPALIDAD DISTRITAL DE CORDOVA,HUANCAVELICA,100.03119380147253
090604,HUANCAVELICA,HUAYTARA,HUAYACUNDO ARMA,2,732112.93,733084.44,MUNICIPALIDAD DISTRITAL DE HUAYACUNDO ARMA,HUANCAVELICA,100.13269947301708
090605,HUANCAVELICA,HUAYTARA,LARAMARCA,2,971871.63,972820.35,MUNICIPALIDAD DISTRITAL DE LARAMARCA,HUANCAVELICA,100.0976178304536
090606,HUANCAVELICA,HUAYTARA,OCOYO,2,1504152.77,1504973.37,MUNICIPALIDAD DISTRITAL DE OCOYO,HUANCAVELICA,100.05455562868126
090607,HUANCAVELICA,HUAYTARA,PILPICHACA,2,5932329.85,5948409.31,MUNICIPALIDAD DISTRITAL DE PILPICHACA,HUANCAVELICA,100.27104797620113
090608,HUANCAVELICA,HUAYTARA,QUERCO,2,1555774.99,1557668.61,MUNICIPALIDAD DISTRITAL DE QUERCO,HUANCAVELICA,100.12171554448243
090609,HUANCAVELICA,HUAYTARA,QUITO-ARMA,2,1183655.95,1184965.97,MUNICIPALIDAD DISTRITAL DE QUITO ARMA,HUANCAVELICA,100.11067574154467
090610,HUANCAVELICA,HUAYTARA,SAN ANTONIO DE CUSICANCHA,2,1397365.6,1398282.89,MUNICIPALIDAD DISTRITAL DE SAN ANTONIO DE CUSICANCHA,HUANCAVELICA,100.0656442379861
090611,HUANCAVELICA,HUAYTARA,SAN FRANCISCO DE SANGAYAICO,2,1249769.87,1251717.02,MUNICIPALIDAD DISTRITAL DE SAN FRANCISCO DE SANGAYAICO,HUANCAVELICA,100.15580068352904
090612,HUANCAVELICA,HUAYTARA,SAN ISIDRO,2,1271083.52,1275079.29,MUNICIPALIDAD DISTRITAL DE SAN ISIDRO - HUIRPACANCHA,HUANCAVELICA,100.3143593585416
090613,HUANCAVELICA,HUAYTARA,SANTIAGO DE CHOCORVOS,2,2496189.74,2501614.69,MUNICIPALIDAD DISTRITAL DE SANTIAGO DE CHOCORVOS,HUANCAVELICA,100.21732923235234
090614,HUANCAVELICA,HUAYTARA,SANTIAGO DE QUIRAHUARA,2,825204.7,826038.83,MUNICIPALIDAD DISTRITAL DE SANTIAGO DE QUIRAHUARA,HUANCAVELICA,100.10108158618098
090615,HUANCAVELICA,HUAYTARA,SANTO DOMINGO DE CAPILLAS,2,933406.58,934869.7999999999,MUNICIPALIDAD DISTRITAL DE SANTO DOMINGO DE CAPILLAS,HUANCAVELICA,100.15676126902812
090616,HUANCAVELICA,HUAYTARA,TAMBO,2,2812884.2,2821828.91,MUNICIPALIDAD DISTRITAL DE TAMBO,HUANCAVELICA,100.31799069439118
090701,HUANCAVELICA,TAYACAJA,PAMPAS,1,24654810.15,24685155.45,MUNICIPALIDAD PROVINCIAL DE TAYACAJA - PAMPAS,HUANCAVELICA,100.12308064761149
090702,HUANCAVELICA,TAYACAJA,ACOSTAMBO,2,5162661.05,5091873.37,MUNICIPALIDAD DISTRITAL DE ACOSTAMBO,HUANCAVELICA,98.62885284711845
090703,HUANCAVELICA,TAYACAJA,ACRAQUIA,2,2503768.84,2505043.84,MUNICIPALIDAD DISTRITAL DE ACRAQUIA,HUANCAVELICA,100.05092323139544
090704,HUANCAVELICA,TAYACAJA,AHUAYCHA,2,3253232.7,3255044.81,MUNICIPALIDAD DISTRITAL DE AHUAYCHA,HUANCAVELICA,100.05570182544888
090705,HUANCAVELICA,TAYACAJA,COLCABAMBA,2,16918483.18,16935428.96,MUNICIPALIDAD DISTRITAL DE COLCABAMBA,HUANCAVELICA,100.10016134318727
090706,HUANCAVELICA,TAYACAJA,DANIEL HERNANDEZ,2,6843733.09,6846989.52,MUNICIPALIDAD DISTRITAL DE DANIEL HERNANDES,HUANCAVELICA,100.04758265638323
090707,HUANCAVELICA,TAYACAJA,HUACHOCOLPA,2,5466301.51,5178699.36,MUNICIPALIDAD DISTRITAL DE HUACHOCOLPA,HUANCAVELICA,94.73863361774204
090709,HUANCAVELICA,TAYACAJA,HUARIBAMBA,2,2487623.38,2488890.77,MUNICIPALIDAD DISTRITAL DE HUARIBAMBA,HUANCAVELICA,100.05094782474669
090710,HUANCAVELICA,TAYACAJA,ÑAHUIMPUQUIO,2,1203134.17,1204372.58,MUNICIPALIDAD DISTRITAL DE ÑAHUIMPUQUIO,HUANCAVELICA,100.10293199469184
090711,HUANCAVELICA,TAYACAJA,PAZOS,2,3625152.86,3629569.56,MUNICIPALIDAD DISTRITAL DE PAZOS,HUANCAVELICA,100.12183486243391
090713,HUANCAVELICA,TAYACAJA,QUISHUAR,2,834982.61,835545.98,MUNICIPALIDAD DISTRITAL DE QUISHUAR,HUANCAVELICA,100.06747086624954
090714,HUANCAVELICA,TAYACAJA,SALCABAMBA,2,3909266.74,3911691.61,MUNICIPALIDAD DISTRITAL DE SALCABAMBA,HUANCAVELICA,100.06202876808554
090715,HUANCAVELICA,TAYACAJA,SALCAHUASI,2,2114411.51,2118414.45,MUNICIPALIDAD DISTRITAL DE SALCAHUASI,HUANCAVELICA,100.18931697926675
090716,HUANCAVELICA,TAYACAJA,SAN MARCOS DE ROCCHAC,2,2005761.54,2007187.95,MUNICIPALIDAD DISTRITAL DE SAN MARCOS ROCCHAC,HUANCAVELICA,100.07111563222017
090717,HUANCAVELICA,TAYACAJA,SURCUBAMBA,2,5905813.4399999995,5908039.83,MUNICIPALIDAD DISTRITAL DE SURCUBAMBA,HUANCAVELICA,100.03769827852877
090718,HUANCAVELICA,TAYACAJA,TINTAY PUNCU,2,7934461.0,7917811.78,MUNICIPALIDAD DISTRITAL DE TINTAY PUNCU,HUANCAVELICA,99.79016570879863
090719,HUANCAVELICA,TAYACAJA,QUICHUAS,2,6191115.47,6195666.45,MUNICIPALIDAD DISTRITAL DE QUICHUAS,HUANCAVELICA,100.07350823970337
090720,HUANCAVELICA,TAYACAJA,ANDAYMARCA,2,4136073.31,4138382.9699999997,MUNICIPALIDAD DISTRITAL DE ANDAYMARCA,HUANCAVELICA,100.05584185353813
090721,HUANCAVELICA,TAYACAJA,ROBLE,2,1960488.0,1962363.49,MUNICIPALIDAD DISTRITAL DE ROBLE,HUANCAVELICA,100.0956644468112
090722,HUANCAVELICA,TAYACAJA,PICHOS,2,1702441.3900000001,1709356.43,MUNICIPALIDAD DISTRITAL DE PICHOS,HUANCAVELICA,100.40618373358508
090723,HUANCAVELICA,TAYACAJA,SANTIAGO DE TUCUMA,2,1119033.2,1120367.3,MUNICIPALIDAD DISTRITAL DE SANTIAGO DE TUCUMA,HUANCAVELICA,100.11921898295779
090724,HUANCAVELICA,TAYACAJA,LAMBRAS,2,1431802.1,1434103.63,MUNICIPALIDAD DISTRITAL DE LAMBRAS,HUANCAVELICA,100.16074358320887
090725,HUANCAVELICA,TAYACAJA,COCHABAMBA,2,1427028.61,1428279.11,MUNICIPALIDAD DISTRITAL DE COCHABAMBA,HUANCAVELICA,100.08762963764265
100101,HUANUCO,HUANUCO,HUANUCO,1,73821992.19,73882934.89,MUNICIPALIDAD PROVINCIAL DE HUANUCO,HUANUCO,100.08255358354886
100102,HUANUCO,HUANUCO,AMARILIS,2,29212852.52,29231497.93,MUNICIPALIDAD DISTRITAL DE AMARILIS,HUANUCO,100.06382605049347
100103,HUANUCO,HUANUCO,CHINCHAO,2,11806741.81,11807988.31,MUNICIPALIDAD DISTRITAL DE CHINCHAO,HUANUCO,100.01055752738613
100104,HUANUCO,HUANUCO,CHURUBAMBA,2,14298275.21,14187216.68,MUNICIPALIDAD DISTRITAL DE CHURUBAMBA,HUANUCO,99.22327323842299
100105,HUANUCO,HUANUCO,MARGOS,2,2987365.18,2988717.99,MUNICIPALIDAD DISTRITAL DE MARGOS,HUANUCO,100.04528438669155
100106,HUANUCO,HUANUCO,QUISQUI,2,2585232.58,2586003.8,MUNICIPALIDAD DISTRITAL DE QUISQUI,HUANUCO,100.02983174535112
100107,HUANUCO,HUANUCO,SAN FRANCISCO DE CAYRAN,2,2701485.05,2704202.4299999997,MUNICIPALIDAD DISTRITAL DE SAN FRANCISCO DE CAYRAN,HUANUCO,100.10058837823293
100108,HUANUCO,HUANUCO,SAN PEDRO DE CHAULAN,2,3080914.5,3084012.59,MUNICIPALIDAD DISTRITAL DE SAN PEDRO DE CHAULAN,HUANUCO,100.10055748057923
100109,HUANUCO,HUANUCO,SANTA MARIA DEL VALLE,2,10070471.75,10075811.36,MUNICIPALIDAD DISTRITAL DE SANTA MARIA DEL VALLE,HUANUCO,100.0530224415753
100110,HUANUCO,HUANUCO,YARUMAYO,2,1446393.71,1446656.52,MUNICIPALIDAD DISTRITAL DE YARUMAYO,HUANUCO,100.01817001817577
100111,HUANUCO,HUANUCO,PILLCO MARCA,2,20301512.45,20111272.79,MUNICIPALIDAD DISTRITAL DE PILLCO MARCA,HUANUCO,99.06292863416687
100112,HUANUCO,HUANUCO,YACUS,2,2667967.7399999998,2668726.53,MUNICIPALIDAD DISTRITAL DE YACUS,HUANUCO,100.02844074868761
100113,HUANUCO,HUANUCO,SAN PABLO DE PILLAO,2,5730728.09,5559679.86,MUNICIPALIDAD DISTRITAL DE SAN PABLO DE PILLAO,HUANUCO,97.0152443578945
100201,HUANUCO,AMBO,AMBO,1,18593864.54,18610456.44,MUNICIPALIDAD PROVINCIAL DE AMBO,HUANUCO,100.08923319821068
100202,HUANUCO,AMBO,CAYNA,2,1559454.86,1560487.51,MUNICIPALIDAD DISTRITAL DE CAYNA,HUANUCO,100.06621865284384
100203,HUANUCO,AMBO,COLPAS,2,1410146.87,1410394.3800000001,MUNICIPALIDAD DISTRITAL DE COLPAS,HUANUCO,100.01755207243058
100204,HUANUCO,AMBO,CONCHAMARCA,2,2750339.36,2750965.67,MUNICIPALIDAD DISTRITAL DE CONCHAMARCA,HUANUCO,100.0227720989311
100205,HUANUCO,AMBO,HUACAR,2,6752882.5,6758556.21,MUNICIPALIDAD DISTRITAL DE HUACAR,HUANUCO,100.0840190837024
100206,HUANUCO,AMBO,SAN FRANCISCO,2,5395376.56,5396583.74,MUNICIPALIDAD DISTRITAL DE SAN FRANCISCO,HUANUCO,100.02237434193101
100207,HUANUCO,AMBO,SAN RAFAEL,2,4989724.05,4897005.24,MUNICIPALIDAD DISTRITAL DE SAN RAFAEL,HUANUCO,98.14180485592185
100208,HUANUCO,AMBO,TOMAY KICHWA,2,1543078.26,1543710.48,MUNICIPALIDAD DISTRITAL DE TOMAY KICHWA,HUANUCO,100.04097135034486
100301,HUANUCO,DOS DE MAYO,LA UNION,1,8559954.32,8562673.06,MUNICIPALIDAD PROVINCIAL DE DOS DE MAYO - LA UNION,HUANUCO,100.03176115080015
100307,HUANUCO,DOS DE MAYO,CHUQUIS,2,1958726.04,1959181.72,MUNICIPALIDAD DISTRITAL DE CHUQUIS,HUANUCO,100.02326410078257
100311,HUANUCO,DOS DE MAYO,MARIAS,2,3497903.43,3498967.83,MUNICIPALIDAD DISTRITAL DE MARIAS,HUANUCO,100.03042965654429
100313,HUANUCO,DOS DE MAYO,PACHAS,2,3626929.13,3632212.16,MUNICIPALIDAD DISTRITAL DE PACHAS,HUANUCO,100.14566124152529
100316,HUANUCO,DOS DE MAYO,QUIVILLA,2,885429.9600000001,885999.78,MUNICIPALIDAD DISTRITAL DE QUIVILLA,HUANUCO,100.06435517497057
100317,HUANUCO,DOS DE MAYO,RIPAN,2,2463109.27,2463560.57,MUNICIPALIDAD DISTRITAL DE RIPAN,HUANUCO,100.01832237024546
100321,HUANUCO,DOS DE MAYO,SHUNQUI,2,1167655.34,1168987.27,MUNICIPALIDAD DISTRITAL DE SHUNQUI,HUANUCO,100.11406876279091
100322,HUANUCO,DOS DE MAYO,SILLAPATA,2,1088061.1400000001,1089231.16,MUNICIPALIDAD DISTRITAL DE SILLAPATA,HUANUCO,100.10753256016474
100323,HUANUCO,DOS DE MAYO,YANAS,2,1838712.69,1795519.38,MUNICIPALIDAD DISTRITAL DE YANAS,HUANUCO,97.65089400671945
100401,HUANUCO,HUACAYBAMBA,HUACAYBAMBA,1,4885988.35,4888769.95,MUNICIPALIDAD PROVINCIAL DE HUACAYBAMBA,HUANUCO,100.05693013983549
100402,HUANUCO,HUACAYBAMBA,CANCHABAMBA,2,1291558.42,1292844.1199999999,MUNICIPALIDAD DISTRITAL DE CANCHABAMBA,HUANUCO,100.09954640689037
100403,HUANUCO,HUACAYBAMBA,COCHABAMBA,2,1195453.77,1196482.65,MUNICIPALIDAD DISTRITAL DE COCHABAMBA,HUANUCO,100.08606606343295
100404,HUANUCO,HUACAYBAMBA,PINRA,2,2922785.3,2928815.0300000003,MUNICIPALIDAD DISTRITAL DE PINRA,HUANUCO,100.20630081860615
100501,HUANUCO,HUAMALIES,LLATA,1,18225007.49,18245853.31,MUNICIPALIDAD PROVINCIAL DE HUAMALIES - LLATA,HUANUCO,100.11438030964563
100502,HUANUCO,HUAMALIES,ARANCAY,2,881688.96,881912.07,MUNICIPALIDAD DISTRITAL DE ARANCAY,HUANUCO,100.02530484219741
100503,HUANUCO,HUAMALIES,CHAVIN DE PARIARCA,2,8069072.49,8071347.61,MUNICIPALIDAD DISTRITAL DE CHAVIN DE PARIARCA,HUANUCO,100.02819555782675
100504,HUANUCO,HUAMALIES,JACAS GRANDE,2,3025160.27,3028248.21,MUNICIPALIDAD DISTRITAL DE JACAS GRANDE,HUANUCO,100.10207525302452
100505,HUANUCO,HUAMALIES,JIRCAN,2,1355276.8599999999,1342418.88,MUNICIPALIDAD DISTRITAL DE JIRCAN,HUANUCO,99.05126543664296
100506,HUANUCO,HUAMALIES,MIRAFLORES,2,1660834.65,1662003.04,MUNICIPALIDAD DISTRITAL DE MIRAFLORES,HUANUCO,100.07034956791153
100507,HUANUCO,HUAMALIES,MONZON,2,8859127.5,8862941.54,MUNICIPALIDAD DISTRITAL DE MONZON,HUANUCO,100.0430520951414
100508,HUANUCO,HUAMALIES,PUNCHAO,2,900820.77,901357.86,MUNICIPALIDAD DISTRITAL DE PUNCHAO,HUANUCO,100.05962229312274
100509,HUANUCO,HUAMALIES,PUÑOS,2,3269577.41,3213151.1,MUNICIPALIDAD DISTRITAL DE PUÑOS,HUANUCO,98.2742017415639
100510,HUANUCO,HUAMALIES,SINGA,2,9027012.31,9027759.25,MUNICIPALIDAD DISTRITAL DE SINGA,HUANUCO,100.0082744985201
100511,HUANUCO,HUAMALIES,TANTAMAYO,2,1347280.82,1347605.87,MUNICIPALIDAD DISTRITAL DE TANTAMAYO,HUANUCO,100.02412637329758
100601,HUANUCO,LEONCIO PRADO,RUPA-RUPA,1,44177042.97,44245589.75,MUNICIPALIDAD PROVINCIAL DE LEONCIO PRADO - RUPA RUPA,HUANUCO,100.15516380316933
100602,HUANUCO,LEONCIO PRADO,DANIEL ALOMIA ROBLES,2,4666106.37,4668681.05,MUNICIPALIDAD DISTRITAL DE DANIEL ALOMIA ROBLES,HUANUCO,100.05517833919419
100603,HUANUCO,LEONCIO PRADO,HERMILIO VALDIZAN,2,3657929.53,3659923.26,MUNICIPALIDAD DISTRITAL DE HERMILIO VALDIZAN,HUANUCO,100.05450433048665
100604,HUANUCO,LEONCIO PRADO,JOSE CRESPO Y CASTILLO,2,12568368.99,12580938.06,MUNICIPALIDAD DISTRITAL DE CRESPO Y CASTILLO,HUANUCO,100.10000557757336
100605,HUANUCO,LEONCIO PRADO,LUYANDO,2,5874531.45,5876908.97,MUNICIPALIDAD DISTRITAL DE LUYANDO,HUANUCO,100.04047165327543
100606,HUANUCO,LEONCIO PRADO,MARIANO DAMASO BERAUN,2,6021045.52,6023359.52,MUNICIPALIDAD DISTRITAL DE MARIANO DAMASO BERAUN,HUANUCO,100.03843186357443
100607,HUANUCO,LEONCIO PRADO,PUCAYACU,2,4360939.14,4362077.48,MUNICIPALIDAD DISTRITAL DE PUCAYACU,HUANUCO,100.02610309301406
100608,HUANUCO,LEONCIO PRADO,CASTILLO GRANDE,2,5629458.03,5630637.72,MUNICIPALIDAD DISTRITAL DE CASTILLO GRANDE,HUANUCO,100.02095565849702
100609,HUANUCO,LEONCIO PRADO,PUEBLO NUEVO,2,2925957.4699999997,2927234.88,MUNICIPALIDAD DISTRITAL DE PUEBLO NUEVO,HUANUCO,100.04365784578545
100610,HUANUCO,LEONCIO PRADO,SANTO DOMINGO DE ANDA,2,2088878.74,2089683.0,MUNICIPALIDAD DISTRITAL DE SANTO DOMINGO DE ANDA,HUANUCO,100.038501995573
100701,HUANUCO,MARAÑON,HUACRACHUCO,1,14199621.17,14207564.1,MUNICIPALIDAD PROVINCIAL DE MARAÑON - HUACRACHUCO,HUANUCO,100.05593761907382
100702,HUANUCO,MARAÑON,CHOLON,2,4474806.24,4477196.68,MUNICIPALIDAD DISTRITAL DE CHOLON,HUANUCO,100.05341996662631
100703,HUANUCO,MARAÑON,SAN BUENAVENTURA,2,7814067.5200000005,7814658.92,MUNICIPALIDAD DISTRITAL DE SAN BUENAVENTURA,HUANUCO,100.00756840145655
100704,HUANUCO,MARAÑON,LA MORADA,2,6023138.34,5984906.109999999,MUNICIPALIDAD DISTRITAL DE LA MORADA,HUANUCO,99.36524403322936
100705,HUANUCO,MARAÑON,SANTA ROSA DE ALTO YANAJANCA,2,4914829.66,4868088.149999999,MUNICIPALIDAD DISTRITAL DE SANTA ROSA DE ALTO YANAJANCA,HUANUCO,99.0489698884091
100801,HUANUCO,PACHITEA,PANAO,1,23161011.55,23204948.15,MUNICIPALIDAD PROVINCIAL DE PACHITEA - PANAO,HUANUCO,100.18970069552078
100802,HUANUCO,PACHITEA,CHAGLLA,2,7033276.28,7036095.3100000005,MUNICIPALIDAD DISTRITAL DE CHAGLLA,HUANUCO,100.04008132039425
100803,HUANUCO,PACHITEA,MOLINO,2,6831534.68,6840671.8100000005,MUNICIPALIDAD DISTRITAL DE MOLINO,HUANUCO,100.13374930272623
100804,HUANUCO,PACHITEA,UMARI,2,8602978.56,8448209.33,MUNICIPALIDAD DISTRITAL DE UMARI,HUANUCO,98.20098087051375
100901,HUANUCO,PUERTO INCA,PUERTO INCA,1,17125608.18,17142660.69,MUNICIPALIDAD PROVINCIAL DE PUERTO INCA,HUANUCO,100.09957316447259
100902,HUANUCO,PUERTO INCA,CODO DEL POZUZO,2,9936093.18,9867783.97,MUNICIPALIDAD DISTRITAL DE CODO DE POZUZO,HUANUCO,99.31251439813894
100903,HUANUCO,PUERTO INCA,HONORIA,2,9442919.1,9008846.78,MUNICIPALIDAD DISTRITAL DE HONORIA,HUANUCO,95.40319772516106
100904,HUANUCO,PUERTO INCA,TOURNAVISTA,2,7737153.18,7608140.54,MUNICIPALIDAD DISTRITAL DE TOURNAVISTA,HUANUCO,98.33255672986431
100905,HUANUCO,PUERTO INCA,YUYAPICHIS,2,8014801.29,7885690.58,MUNICIPALIDAD DISTRITAL DE YUYAPICHIS,HUANUCO,98.38909655612935
101001,HUANUCO,LAURICOCHA,JESUS,1,6722335.36,6727114.01,MUNICIPALIDAD PROVINCIAL DE LAURICOCHA - JESUS,HUANUCO,100.07108615896247
101002,HUANUCO,LAURICOCHA,BAÑOS,2,2103226.85,2104676.17,MUNICIPALIDAD DISTRITAL DE BAÑOS,HUANUCO,100.06890935231262
101003,HUANUCO,LAURICOCHA,JIVIA,2,1099601.64,1100001.17,MUNICIPALIDAD DISTRITAL DE JIVIA,HUANUCO,100.03633406730825
101004,HUANUCO,LAURICOCHA,QUEROPALCA,2,912845.83,913450.47,MUNICIPALIDAD DISTRITAL DE QUEROPALCA,HUANUCO,100.0662368145999
101005,HUANUCO,LAURICOCHA,RONDOS,2,2703512.05,2705496.2800000003,MUNICIPALIDAD DISTRITAL DE RONDOS,HUANUCO,100.07339453138373
101006,HUANUCO,LAURICOCHA,SAN FRANCISCO DE ASIS,2,835962.47,836267.91,MUNICIPALIDAD DISTRITAL DE SAN FRANCISCO DE ASIS,HUANUCO,100.03653752542264
101007,HUANUCO,LAURICOCHA,SAN MIGUEL DE CAURI,2,5912358.64,5913691.74,MUNICIPALIDAD DISTRITAL DE SAN MIGUEL DE CAURI,HUANUCO,100.0225476849625
101101,HUANUCO,YAROWILCA,CHAVINILLO,1,7718451.36,7720786.89,MUNICIPALIDAD PROVINCIAL DE YAROWILCA - CHAVINILLO,HUANUCO,100.03025904927125
101102,HUANUCO,YAROWILCA,CAHUAC,2,1055881.18,1056246.99,MUNICIPALIDAD DISTRITAL DE CAHUAC,HUANUCO,100.03464499670314
101103,HUANUCO,YAROWILCA,CHACABAMBA,2,1067956.57,1068286.79,MUNICIPALIDAD DISTRITAL DE CHACABAMBA,HUANUCO,100.03092073304066
101104,HUANUCO,YAROWILCA,APARICIO POMARES,2,2623616.93,2625091.52,MUNICIPALIDAD DISTRITAL APARICIO POMARES,HUANUCO,100.05620447036831
101105,HUANUCO,YAROWILCA,JACAS CHICO,2,844481.21,844646.2,MUNICIPALIDAD DISTRITAL DE JACAS CHICO,HUANUCO,100.0195374388496
101106,HUANUCO,YAROWILCA,OBAS,2,2420621.24,2423660.45,MUNICIPALIDAD DISTRITAL DE OBAS,HUANUCO,100.1255549587758
101107,HUANUCO,YAROWILCA,PAMPAMARCA,2,821360.61,821760.52,MUNICIPALIDAD DISTRITAL DE PAMPAMARCA,HUANUCO,100.0486887239455
101108,HUANUCO,YAROWILCA,CHORAS,2,1353311.41,1355091.27,MUNICIPALIDAD DISTRITAL DE CHORAS,HUANUCO,100.13151887930954
110101,ICA,ICA,ICA,1,151604860.96,152087441.31,MUNICIPALIDAD PROVINCIAL DE ICA,ICA,100.31831456257021
110102,ICA,ICA,LA TINGUIÑA,2,26102995.97,26149648.12,MUNICIPALIDAD DISTRITAL DE TINGUIÑA,ICA,100.17872335441349
110103,ICA,ICA,LOS AQUIJES,2,16479746.85,16557218.61,MUNICIPALIDAD DISTRITAL DE LOS AQUIJES,ICA,100.47010285233841
110104,ICA,ICA,OCUCAJE,2,8033154.350000001,8057079.57,MUNICIPALIDAD DISTRITAL DE OCUCAJE,ICA,100.297830951051
110105,ICA,ICA,PACHACUTEC,2,5314595.59,5328039.92,MUNICIPALIDAD DISTRITAL DE PACHACUTEC,ICA,100.25296995363668
110106,ICA,ICA,PARCONA,2,34218366.59,34312076.09,MUNICIPALIDAD DISTRITAL DE PARCONA,ICA,100.27385731505778
110107,ICA,ICA,PUEBLO NUEVO,2,6019994.11,6032876.2,MUNICIPALIDAD DISTRITAL DE PUEBLO NUEVO,ICA,100.21398841534746
110108,ICA,ICA,SALAS,2,36400726.85,36554940.56,MUNICIPALIDAD DISTRITAL DE SALAS,ICA,100.42365557873468
110109,ICA,ICA,SAN JOSE DE LOS MOLINOS,2,6327586.8,6338435.779999999,MUNICIPALIDAD DISTRITAL DE SAN JOSE DE LOS MOLINOS,ICA,100.17145525368375
110110,ICA,ICA,SAN JUAN BAUTISTA,2,9888068.72,9912528.11,MUNICIPALIDAD DISTRITAL DE SAN JUAN BAUTISTA,ICA,100.24736266193749
110111,ICA,ICA,SANTIAGO,2,22634453.05,22688469.080000002,MUNICIPALIDAD DISTRITAL DE SANTIAGO,ICA,100.2386451745959
110112,ICA,ICA,SUBTANJALLA,2,23605395.61,23687563.009999998,MUNICIPALIDAD DISTRITAL DE SUBTANJALLA,ICA,100.34808736679335
110113,ICA,ICA,TATE,2,3747111.7,3754591.42,MUNICIPALIDAD DISTRITAL DE TATE,ICA,100.19961294455139
110114,ICA,ICA,YAUCA DEL ROSARIO,2,3379577.94,3381657.6,MUNICIPALIDAD DISTRITAL DE YAUCA DEL ROSARIO,ICA,100.06153608636704
110201,ICA,CHINCHA,CHINCHA ALTA,1,72200836.6,72478151.17,MUNICIPALIDAD PROVINCIAL DE CHINCHA - CHINCHA ALTA,ICA,100.38408775169235
110202,ICA,CHINCHA,ALTO LARAN,2,10169720.08,10188596.71,MUNICIPALIDAD DISTRITAL DE ALTO LARAN,ICA,100.1856160233665
110203,ICA,CHINCHA,CHAVIN,2,14789509.77,14924118.89,MUNICIPALIDAD DISTRITAL DE CHAVIN,ICA,100.91016620627312
110204,ICA,CHINCHA,CHINCHA BAJA,2,8187036.82,8214236.35,MUNICIPALIDAD DISTRITAL DE CHINCHA BAJA,ICA,100.33222679460235
110205,ICA,CHINCHA,EL CARMEN,2,15613973.88,15644900.379999999,MUNICIPALIDAD DISTRITAL DE EL CARMEN,ICA,100.19806937194646
110206,ICA,CHINCHA,GROCIO PRADO,2,23386029.98,23404497.31,MUNICIPALIDAD DISTRITAL DE GROCIO PRADO,ICA,100.07896735793032
110207,ICA,CHINCHA,PUEBLO NUEVO,2,51950983.14,52126392.36,MUNICIPALIDAD DISTRITAL DE PUEBLO NUEVO,ICA,100.33764369680415
110208,ICA,CHINCHA,SAN JUAN DE YANAC,2,4707351.15,4721339.23,MUNICIPALIDAD DISTRITAL DE SAN JUAN DE YANAC,ICA,100.29715395249407
110209,ICA,CHINCHA,SAN PEDRO DE HUACARPANA,2,2425353.84,2427208.52,MUNICIPALIDAD DISTRITAL DE SAN PEDRO DE HUACARPANA,ICA,100.07647049141498
110210,ICA,CHINCHA,SUNAMPE,2,22105872.45,22139103.83,MUNICIPALIDAD DISTRITAL DE SUNAMPE,ICA,100.15032828980247
110211,ICA,CHINCHA,TAMBO DE MORA,2,7230475.32,7242564.62,MUNICIPALIDAD DISTRITAL DE TAMBO DE MORA,ICA,100.16719924299527
110301,ICA,NASCA,NASCA,1,103730112.75,103995979.67999999,MUNICIPALIDAD PROVINCIAL DE NASCA,ICA,100.25630641185242
110302,ICA,NASCA,CHANGUILLO,2,11497668.34,11534008.47,MUNICIPALIDAD DISTRITAL DE CHANGUILLO,ICA,100.31606521361878
110303,ICA,NASCA,EL INGENIO,2,16554708.63,16610531.85,MUNICIPALIDAD DISTRITAL DE EL INGENIO,ICA,100.33720448512659
110304,ICA,NASCA,MARCONA,2,168906671.93,170311995.34,MUNICIPALIDAD DISTRITAL DE MARCONA,ICA,100.83201178138327
110305,ICA,NASCA,VISTA ALEGRE,2,101761378.41,102220480.0,MUNICIPALIDAD DISTRITAL DE VISTA ALEGRE,ICA,100.45115504248602
110401,ICA,PALPA,PALPA,1,7652966.91,7657437.72,MUNICIPALIDAD PROVINCIAL DE PALPA,ICA,100.05841930394548
110402,ICA,PALPA,LLIPATA,2,1822622.1800000002,1824764.36,MUNICIPALIDAD DISTRITAL DE LLIPATA,ICA,100.1175328613635
110403,ICA,PALPA,RIO GRANDE,2,2130726.59,2137434.53,MUNICIPALIDAD DISTRITAL DE RIO GRANDE,ICA,100.31481936872999
110404,ICA,PALPA,SANTA CRUZ,2,1272337.81,1273996.04,MUNICIPALIDAD DISTRITAL DE SANTA CRUZ,ICA,100.1303293816286
110405,ICA,PALPA,TIBILLO,2,923347.33,923865.45,MUNICIPALIDAD DISTRITAL DE TIBILLO,ICA,100.05611322881066
110501,ICA,PISCO,PISCO,1,69513749.76,69835895.6,MUNICIPALIDAD PROVINCIAL DE PISCO,ICA,100.46342751054605
110502,ICA,PISCO,HUANCANO,2,6461020.86,6463591.67,MUNICIPALIDAD DISTRITAL DE HUANCANO,ICA,100.0397895325786
110503,ICA,PISCO,HUMAY,2,13521888.91,13585672.35,MUNICIPALIDAD DISTRITAL DE HUMAY,ICA,100.47170510292264
110504,ICA,PISCO,INDEPENDENCIA,2,15445854.26,15478669.73,MUNICIPALIDAD DISTRITAL DE INDEPENDENCIA,ICA,100.21245487266432
110505,ICA,PISCO,PARACAS,2,40739723.77,40804422.93,MUNICIPALIDAD DISTRITAL DE PARACAS,ICA,100.15881099333237
110506,ICA,PISCO,SAN ANDRES,2,15406070.56,15432906.9,MUNICIPALIDAD DISTRITAL DE SAN ANDRES,ICA,100.17419328241736
110507,ICA,PISCO,SAN CLEMENTE,2,22943653.94,23010346.67,MUNICIPALIDAD DISTRITAL DE SAN CLEMENTE,ICA,100.29068050875595
110508,ICA,PISCO,TUPAC AMARU INCA,2,16710614.0,16741915.36,MUNICIPALIDAD DISTRITAL DE TUPAC AMARU INCA,ICA,100.18731424231329
120101,JUNIN,HUANCAYO,HUANCAYO,1,136860902.31,136953770.89,MUNICIPALIDAD PROVINCIAL DE HUANCAYO,JUNIN,100.06785617983843
120104,JUNIN,HUANCAYO,CARHUACALLANGA,2,628999.28,629796.27,MUNICIPALIDAD DISTRITAL DE CARHUACALLANGA,JUNIN,100.12670761721698
120105,JUNIN,HUANCAYO,CHACAPAMPA,2,702248.02,703308.1799999999,MUNICIPALIDAD DISTRITAL DE CHACAPAMPA,JUNIN,100.15096660578693
120106,JUNIN,HUANCAYO,CHICCHE,2,674276.9500000001,675323.04,MUNICIPALIDAD DISTRITAL DE CHICCHE,JUNIN,100.15514248262527
120107,JUNIN,HUANCAYO,CHILCA,2,31516491.87,31551848.72,MUNICIPALIDAD DISTRITAL DE CHILCA,JUNIN,100.1121852335147
120108,JUNIN,HUANCAYO,CHONGOS ALTO,2,1766807.82,1769760.91,MUNICIPALIDAD DISTRITAL DE CHONGOS ALTO,JUNIN,100.1671426833508
120111,JUNIN,HUANCAYO,CHUPURO,2,802324.62,802814.92,MUNICIPALIDAD DISTRITAL DE CHUPURO,JUNIN,100.0611099282981
120112,JUNIN,HUANCAYO,COLCA,2,663075.53,663501.95,MUNICIPALIDAD DISTRITAL DE COLCA,JUNIN,100.0643094158519
120113,JUNIN,HUANCAYO,CULLHUAS,2,952392.05,952976.17,MUNICIPALIDAD DISTRITAL DE CULLHUAS,JUNIN,100.0613318853302
120114,JUNIN,HUANCAYO,EL TAMBO,2,58033166.78,58125839.89,MUNICIPALIDAD DISTRITAL DE EL TAMBO,JUNIN,100.15968990689638
120116,JUNIN,HUANCAYO,HUACRAPUQUIO,2,776793.8,777462.49,MUNICIPALIDAD DISTRITAL DE HUACRAPUQUIO,JUNIN,100.0860833338268
120117,JUNIN,HUANCAYO,HUALHUAS,2,1893943.41,1895688.57,MUNICIPALIDAD DISTRITAL DE HUALHUAS,JUNIN,100.09214425260996
120119,JUNIN,HUANCAYO,HUANCAN,2,7956750.2700000005,7962991.36,MUNICIPALIDAD DISTRITAL DE HUANCAN,JUNIN,100.0784376760388
120120,JUNIN,HUANCAYO,HUASICANCHA,2,703364.65,704601.5599999999,MUNICIPALIDAD DISTRITAL DE HUASICANCHA,JUNIN,100.17585615086001
120121,JUNIN,HUANCAYO,HUAYUCACHI,2,3364755.2600000002,3367162.37,MUNICIPALIDAD DISTRITAL DE HUAYUCACHI,JUNIN,100.07153893267113
120122,JUNIN,HUANCAYO,INGENIO,2,878560.17,879010.11,MUNICIPALIDAD DISTRITAL DE INGENIO,JUNIN,100.05121333920702
120124,JUNIN,HUANCAYO,PARIAHUANCA,2,2547165.44,2549026.32,MUNICIPALIDAD DISTRITAL DE PARIAHUANCA,JUNIN,100.07305689574682
120125,JUNIN,HUANCAYO,PILCOMAYO,2,8032250.72,8043680.71,MUNICIPALIDAD DISTRITAL DE PILCOMAYO,JUNIN,100.14230121043832
120126,JUNIN,HUANCAYO,PUCARA,2,1782404.87,1784384.6300000001,MUNICIPALIDAD DISTRITAL DE PUCARA,JUNIN,100.1110724074716
120127,JUNIN,HUANCAYO,QUICHUAY,2,768661.79,769786.34,MUNICIPALIDAD DISTRITAL DE QUICHUAY,JUNIN,100.14629971394831
120128,JUNIN,HUANCAYO,QUILCAS,2,1562930.94,1564551.6,MUNICIPALIDAD DISTRITAL DE QUILCAS,JUNIN,100.10369364112788
120129,JUNIN,HUANCAYO,SAN AGUSTIN,2,5256344.06,5266717.57,MUNICIPALIDAD DISTRITAL DE SAN AGUSTIN,JUNIN,100.19735218778659
120130,JUNIN,HUANCAYO,SAN JERONIMO DE TUNAN,2,7268353.8,7198192.8,MUNICIPALIDAD DISTRITAL DE SAN JERONIMO DE TUNAN,JUNIN,99.03470576790029
120132,JUNIN,HUANCAYO,SAÑO,2,1741795.19,1743969.2,MUNICIPALIDAD DISTRITAL DE SAÑO,JUNIN,100.12481433020837
120133,JUNIN,HUANCAYO,SAPALLANGA,2,8772036.9,8778750.23,MUNICIPALIDAD DISTRITAL DE SAPALLANGA,JUNIN,100.07653102781636
120134,JUNIN,HUANCAYO,SICAYA,2,4596197.12,4602571.82,MUNICIPALIDAD DISTRITAL DE SICAYA,JUNIN,100.13869509582739
120135,JUNIN,HUANCAYO,SANTO DOMINGO DE ACOBAMBA,2,2817956.5,2821207.12,MUNICIPALIDAD DISTRITAL DE SANTO DOMINGO DE ACOBAMBA,JUNIN,100.1153538033678
120136,JUNIN,HUANCAYO,VIQUES,2,1357926.8,1359587.9,MUNICIPALIDAD DISTRITAL DE VIQUES,JUNIN,100.12232618135234
120201,JUNIN,CONCEPCION,CONCEPCION,1,14432119.95,14458649.37,MUNICIPALIDAD PROVINCIAL DE CONCEPCION,JUNIN,100.18382205865744
120202,JUNIN,CONCEPCION,ACO,2,833219.95,834629.45,MUNICIPALIDAD DISTRITAL DE ACO,JUNIN,100.16916301632001
120203,JUNIN,CONCEPCION,ANDAMARCA,2,1997178.84,2000611.04,MUNICIPALIDAD DISTRITAL DE ANDAMARCA,JUNIN,100.17185241157472
120204,JUNIN,CONCEPCION,CHAMBARA,2,1122090.15,1122691.21,MUNICIPALIDAD DISTRITAL DE CHAMBARA,JUNIN,100.05356610607446
120205,JUNIN,CONCEPCION,COCHAS,2,1037329.83,1037684.58,MUNICIPALIDAD DISTRITAL DE COCHAS,JUNIN,100.03419838027796
120206,JUNIN,CONCEPCION,COMAS,2,3291306.63,3297688.48,MUNICIPALIDAD DISTRITAL DE COMAS,JUNIN,100.19390019580158
120207,JUNIN,CONCEPCION,HEROINAS TOLEDO,2,656206.62,656989.41,MUNICIPALIDAD DISTRITAL DE HEROINAS TOLEDO,JUNIN,100.11929017113543
120208,JUNIN,CONCEPCION,MANZANARES,2,693171.7,693696.27,MUNICIPALIDAD DISTRITAL DE MANZANARES,JUNIN,100.07567677676397
120209,JUNIN,CONCEPCION,MARISCAL CASTILLA,2,1290866.46,1291836.27,MUNICIPALIDAD DISTRITAL DE MARISCAL CASTILLA,JUNIN,100.07512860780348
120210,JUNIN,CONCEPCION,MATAHUASI,2,2335284.06,2338675.64,MUNICIPALIDAD DISTRITAL DE MATAHUASI,JUNIN,100.1452320108758
120211,JUNIN,CONCEPCION,MITO,2,911162.97,911727.4,MUNICIPALIDAD DISTRITAL DE MITO,JUNIN,100.06194610827963
120212,JUNIN,CONCEPCION,NUEVE DE JULIO,2,1141013.06,1141993.77,MUNICIPALIDAD DISTRITAL DE NUEVE DE JULIO,JUNIN,100.08595081286799
120213,JUNIN,CONCEPCION,ORCOTUNA,2,2331408.95,2333113.3,MUNICIPALIDAD DISTRITAL DE ORCOTUNA,JUNIN,100.07310386279505
120214,JUNIN,CONCEPCION,SAN JOSE DE QUERO,2,2281554.72,2283430.45,MUNICIPALIDAD DISTRITAL DE SAN JOSE DE QUERO,JUNIN,100.08221279917407
120215,JUNIN,CONCEPCION,SANTA ROSA DE OCOPA,2,881718.52,882836.35,MUNICIPALIDAD DISTRITAL DE SANTA ROSA DE OCOPA,JUNIN,100.12677855513344
120301,JUNIN,CHANCHAMAYO,CHANCHAMAYO,1,35736411.22,35753617.76,MUNICIPALIDAD PROVINCIAL DE CHANCHAMAYO,JUNIN,100.0481484833328
120302,JUNIN,CHANCHAMAYO,PERENE,2,28742752.32,28774049.68,MUNICIPALIDAD DISTRITAL DE PERENE,JUNIN,100.10888783249273
120303,JUNIN,CHANCHAMAYO,PICHANAQUI,2,28918541.7,28971544.91,MUNICIPALIDAD DISTRITAL DE PICHANAQUI,JUNIN,100.18328451880407
120304,JUNIN,CHANCHAMAYO,SAN LUIS DE SHUARO,2,3506889.9699999997,3507876.27,MUNICIPALIDAD DISTRITAL DE SAN LUIS DE SHUARO,JUNIN,100.0281246348884
120305,JUNIN,CHANCHAMAYO,SAN RAMON,2,15491490.1,15508391.81,MUNICIPALIDAD DISTRITAL DE SAN RAMON,JUNIN,100.1091031907899
120306,JUNIN,CHANCHAMAYO,VITOC,2,2163085.8,2166683.36,MUNICIPALIDAD DISTRITAL DE VITOC,JUNIN,100.16631610267147
120401,JUNIN,JAUJA,JAUJA,1,17665056.43,17677349.94,MUNICIPALIDAD PROVINCIAL DE JAUJA,JUNIN,100.06959224867873
120402,JUNIN,JAUJA,ACOLLA,2,2889157.31,2892218.11,MUNICIPALIDAD DISTRITAL DE ACOLLA,JUNIN,100.10594092572966
120403,JUNIN,JAUJA,APATA,2,2475457.19,2476238.69,MUNICIPALIDAD DISTRITAL DE APATA,JUNIN,100.03156992587701
120404,JUNIN,JAUJA,ATAURA,2,864576.88,865152.04,MUNICIPALIDAD DISTRITAL DE ATAURA,JUNIN,100.0665250266697
120405,JUNIN,JAUJA,CANCHAYLLO,2,1311037.0899999999,1311594.94,MUNICIPALIDAD DISTRITAL DE CANCHAYLLO,JUNIN,100.04255028360792
120406,JUNIN,JAUJA,CURICACA,2,899848.11,901121.13,MUNICIPALIDAD DISTRITAL DE CURICACA,JUNIN,100.14147054217851
120407,JUNIN,JAUJA,EL MANTARO,2,886916.98,888477.74,MUNICIPALIDAD DISTRITAL DE EL MANTARO,JUNIN,100.17597588446215
120408,JUNIN,JAUJA,HUAMALI,2,863684.67,864546.57,MUNICIPALIDAD DISTRITAL DE HUAMALI,JUNIN,100.09979336555782
120409,JUNIN,JAUJA,HUARIPAMPA,2,787487.49,788110.04,MUNICIPALIDAD DISTRITAL DE HUARIPAMPA,JUNIN,100.07905522410267
120410,JUNIN,JAUJA,HUERTAS,2,1063141.3599999999,1064302.33,MUNICIPALIDAD DISTRITAL DE HUERTAS,JUNIN,100.10920184687389
120411,JUNIN,JAUJA,JANJAILLO,2,713668.08,715487.23,MUNICIPALIDAD DISTRITAL DE JANJAILLO,JUNIN,100.25490141019058
120412,JUNIN,JAUJA,JULCAN,2,763447.93,765091.61,MUNICIPALIDAD DISTRITAL DE JULCAN,JUNIN,100.21529693583686
120413,JUNIN,JAUJA,LEONOR ORDOÑEZ,2,901872.65,902363.3,MUNICIPALIDAD DISTRITAL DE LEONOR ORDO¥EZ,JUNIN,100.0544034681615
120414,JUNIN,JAUJA,LLOCLLAPAMPA,2,735766.27,737430.86,MUNICIPALIDAD DISTRITAL DE LLOCLLAPAMPA,JUNIN,100.22623896580636
120415,JUNIN,JAUJA,MARCO,2,1005211.5,1006313.8099999999,MUNICIPALIDAD DISTRITAL DE MARCO,JUNIN,100.10965950946641
120416,JUNIN,JAUJA,MASMA,2,1067662.93,1069618.91,MUNICIPALIDAD DISTRITAL DE MASMA,JUNIN,100.1832020148906
120417,JUNIN,JAUJA,MASMA CHICCHE,2,738807.02,739604.59,MUNICIPALIDAD DISTRITAL DE MASMA CHICCHE,JUNIN,100.10795376578852
120418,JUNIN,JAUJA,MOLINOS,2,902077.7,903361.43,MUNICIPALIDAD DISTRITAL DE MOLINOS,JUNIN,100.1423081404185
120419,JUNIN,JAUJA,MONOBAMBA,2,3529996.69,3535729.5700000003,MUNICIPALIDAD DISTRITAL DE MONOBAMBA,JUNIN,100.16240468486104
120420,JUNIN,JAUJA,MUQUI,2,753129.27,753500.8,MUNICIPALIDAD DISTRITAL DE MUQUI,JUNIN,100.04933150453707
120421,JUNIN,JAUJA,MUQUIYAUYO,2,892779.47,893428.36,MUNICIPALIDAD DISTRITAL DE MUQUIYAUYO,JUNIN,100.07268200286909
120422,JUNIN,JAUJA,PACA,2,950714.25,951352.8,MUNICIPALIDAD DISTRITAL DE PACA,JUNIN,100.06716529177932
120423,JUNIN,JAUJA,PACCHA,2,863026.67,863459.04,MUNICIPALIDAD DISTRITAL DE PACCHA,JUNIN,100.05009926286519
120424,JUNIN,JAUJA,PANCAN,2,899131.95,900517.66,MUNICIPALIDAD DISTRITAL DE PANCAN,JUNIN,100.15411642306783
120425,JUNIN,JAUJA,PARCO,2,832469.77,833250.8200000001,MUNICIPALIDAD DISTRITAL DE PARCO,JUNIN,100.09382322675813
120426,JUNIN,JAUJA,POMACANCHA,2,1102682.8800000001,1104157.68,MUNICIPALIDAD DISTRITAL DE POMACANCHA,JUNIN,100.13374652193747
120427,JUNIN,JAUJA,RICRAN,2,962146.07,963057.28,MUNICIPALIDAD DISTRITAL DE RICRAN,JUNIN,100.09470599407011
120428,JUNIN,JAUJA,SAN LORENZO,2,954120.79,955180.71,MUNICIPALIDAD DISTRITAL DE SAN LORENZO,JUNIN,100.11108865995887
120429,JUNIN,JAUJA,SAN PEDRO DE CHUNAN,2,911337.43,912222.04,MUNICIPALIDAD DISTRITAL DE SAN PEDRO DE CHUNAN,JUNIN,100.09706723008183
120430,JUNIN,JAUJA,SAUSA,2,1299625.27,1301614.06,MUNICIPALIDAD DISTRITAL DE SAUSA,JUNIN,100.15302795705104
120431,JUNIN,JAUJA,SINCOS,2,1972361.0,1975173.82,MUNICIPALIDAD DISTRITAL DE SINCOS,JUNIN,100.1426118241032
120432,JUNIN,JAUJA,TUNAN MARCA,2,784311.11,785394.81,MUNICIPALIDAD DISTRITAL DE TUNAN MARCA,JUNIN,100.13817221076978
120433,JUNIN,JAUJA,YAULI,2,776610.42,777468.86,MUNICIPALIDAD DISTRITAL DE YAULI,JUNIN,100.11053676050341
120434,JUNIN,JAUJA,YAUYOS,2,3651990.55,3621161.9,MUNICIPALIDAD DISTRITAL DE YAUYOS,JUNIN,99.15583982001269
120501,JUNIN,JUNIN,JUNIN,1,6813559.4399999995,6814721.79,MUNICIPALIDAD PROVINCIAL DE JUNIN,JUNIN,100.0170593653763
120502,JUNIN,JUNIN,CARHUAMAYO,2,2770379.36,2775931.73,MUNICIPALIDAD DISTRITAL DE CARHUAMAYO,JUNIN,100.2004191223833
120503,JUNIN,JUNIN,ONDORES,2,960544.17,961303.58,MUNICIPALIDAD DISTRITAL DE ONDORES,JUNIN,100.07906039344343
120504,JUNIN,JUNIN,ULCUMAYO,2,3443884.33,3454128.03,MUNICIPALIDAD DISTRITAL DE ULCUMAYO,JUNIN,100.29744611079896
120601,JUNIN,SATIPO,SATIPO,1,72150989.6,72252270.74,MUNICIPALIDAD PROVINCIAL DE SATIPO,JUNIN,100.14037387506602
120602,JUNIN,SATIPO,COVIRIALI,2,6009743.51,6015266.05,MUNICIPALIDAD DISTRITAL DE COVIRIALI,JUNIN,100.09189310643309
120603,JUNIN,SATIPO,LLAYLLA,2,6729321.32,6743479.46,MUNICIPALIDAD DISTRITAL DE LLAYLLA,JUNIN,100.21039476830926
120604,JUNIN,SATIPO,MAZAMARI,2,31708792.43,31257408.45,MUNICIPALIDAD DISTRITAL DE MAZAMARI,JUNIN,98.5764706082817
120605,JUNIN,SATIPO,PAMPA HERMOSA,2,6728505.16,6732341.399999999,MUNICIPALIDAD DISTRITAL PAMPA HERMOSA,JUNIN,100.05701474411889
120606,JUNIN,SATIPO,PANGOA,2,50263889.69,49253690.18,MUNICIPALIDAD DISTRITAL DE PANGOA,JUNIN,97.99020824645615
120607,JUNIN,SATIPO,RIO NEGRO,2,25946524.91,25994382.09,MUNICIPALIDAD DISTRITAL DE RIO NEGRO,JUNIN,100.1844454321571
120608,JUNIN,SATIPO,RIO TAMBO,2,31824401.81,31938938.22,MUNICIPALIDAD DISTRITAL DE RIO TAMBO,JUNIN,100.35990121883142
120609,JUNIN,SATIPO,VIZCATÁN DEL ENE,2,10309505.34,10318935.33,MUNICIPALIDAD DISTRITAL DE VIZCATAN DEL ENE,JUNIN,100.09146888903983
120701,JUNIN,TARMA,TARMA,1,27359972.76,27390581.62,MUNICIPALIDAD PROVINCIAL DE TARMA,JUNIN,100.11187459968801
120702,JUNIN,TARMA,ACOBAMBA,2,3760611.19,3770556.8,MUNICIPALIDAD DISTRITAL DE ACOBAMBA,JUNIN,100.26446791485509
120703,JUNIN,TARMA,HUARICOLCA,2,1013025.89,1014152.7000000001,MUNICIPALIDAD DISTRITAL DE HUARICOLCA,JUNIN,100.11123210286362
120704,JUNIN,TARMA,HUASAHUASI,2,5072309.15,5082950.36,MUNICIPALIDAD DISTRITAL DE HUASAHUASI,JUNIN,100.20979024908212
120705,JUNIN,TARMA,LA UNION,2,2861286.4499999997,2869534.96,MUNICIPALIDAD DISTRITAL DE LA UNION,JUNIN,100.28827977010133
120706,JUNIN,TARMA,PALCA,2,2669881.88,2677086.32,MUNICIPALIDAD DISTRITAL DE PALCA,JUNIN,100.26984115117482
120707,JUNIN,TARMA,PALCAMAYO,2,2354844.79,2359163.92,MUNICIPALIDAD DISTRITAL DE PALCAMAYO,JUNIN,100.1834146360024
120708,JUNIN,TARMA,SAN PEDRO DE CAJAS,2,1833415.88,1835426.58,MUNICIPALIDAD DISTRITAL DE SAN PEDRO DE CAJAS,JUNIN,100.10966960753062
120709,JUNIN,TARMA,TAPO,2,2258449.82,2261104.05,MUNICIPALIDAD DISTRITAL DE TAPO,JUNIN,100.11752441769993
120801,JUNIN,YAULI,LA OROYA,1,18420544.57,18546869.32,MUNICIPALIDAD PROVINCIAL DE YAULI - LA OROYA,JUNIN,100.68578184276774
120802,JUNIN,YAULI,CHACAPALPA,2,2203892.46,2209296.65,MUNICIPALIDAD DISTRITAL DE CHACAPALPA,JUNIN,100.245211147916
120803,JUNIN,YAULI,HUAY-HUAY,2,6414661.95,6436823.39,MUNICIPALIDAD DISTRITAL DE HUAY - HUAY,JUNIN,100.34548102725819
120804,JUNIN,YAULI,MARCAPOMACOCHA,2,5469884.25,5492178.45,MUNICIPALIDAD DISTRITAL DE MARCAPOMACOCHA,JUNIN,100.40758083683397
120805,JUNIN,YAULI,MOROCOCHA,2,19021157.46,19233143.84,MUNICIPALIDAD DISTRITAL DE MOROCOCHA,JUNIN,101.11447676328736
120806,JUNIN,YAULI,PACCHA,2,4463936.84,4483469.83,MUNICIPALIDAD DISTRITAL DE PACCHA,JUNIN,100.43757317139818
120807,JUNIN,YAULI,SANTA BARBARA DE CARHUACAYAN,2,5064201.71,5081496.96,MUNICIPALIDAD DISTRITAL DE SANTA BARBARA DE CARHUACAYAN,JUNIN,100.34151976936164
120808,JUNIN,YAULI,SANTA ROSA DE SACCO,2,10934357.71,10982491.72,MUNICIPALIDAD DISTRITAL DE SANTA ROSA DE SACCO,JUNIN,100.44020884698128
120809,JUNIN,YAULI,SUITUCANCHA,2,3441037.4,3461294.9899999998,MUNICIPALIDAD DISTRITAL DE SUITUCANCHA,JUNIN,100.58870589433292
120810,JUNIN,YAULI,YAULI,2,12074881.21,12124117.87,MUNICIPALIDAD DISTRITAL DE YAULI,JUNIN,100.40776103005653
120901,JUNIN,CHUPACA,CHUPACA,1,19564304.43,19589345.81,MUNICIPALIDAD PROVINCIAL DE CHUPACA,JUNIN,100.12799524812955
120902,JUNIN,CHUPACA,AHUAC,2,2648120.98,2651956.96,MUNICIPALIDAD DISTRITAL DE AHUAC,JUNIN,100.14485667493938
120903,JUNIN,CHUPACA,CHONGOS BAJO,2,1710419.58,1695682.63,MUNICIPALIDAD DISTRITAL DE CHONGOS BAJO,JUNIN,99.13840146755102
120904,JUNIN,CHUPACA,HUACHAC,2,1643387.34,1644853.82,MUNICIPALIDAD DISTRITAL DE HUACHAC,JUNIN,100.08923520123989
120905,JUNIN,CHUPACA,HUAMANCACA CHICO,2,5846027.75,5853182.11,MUNICIPALIDAD DISTRITAL DE HUAMANCACA CHICO,JUNIN,100.12237985014697
120906,JUNIN,CHUPACA,SAN JUAN DE ISCOS,2,1086183.26,1087156.3,MUNICIPALIDAD DISTRITAL DE SAN JUAN DE ISCOS,JUNIN,100.08958340970933
120907,JUNIN,CHUPACA,SAN JUAN DE JARPA,2,2055318.25,1999293.75,MUNICIPALIDAD DISTRITAL DE SAN JUAN DE JARPA,JUNIN,97.27416909765678
120908,JUNIN,CHUPACA,TRES DE DICIEMBRE,2,1655180.01,1656885.01,MUNICIPALIDAD DISTRITAL DE TRES DE DICIEMBRE,JUNIN,100.10300994391541
120909,JUNIN,CHUPACA,YANACANCHA,2,2089874.66,2092325.63,MUNICIPALIDAD DISTRITAL DE YANACANCHA,JUNIN,100.1172783251987
130101,LA LIBERTAD,TRUJILLO,TRUJILLO,1,246730100.43,247026815.25,MUNICIPALIDAD PROVINCIAL DE TRUJILLO,LA LIBERTAD,100.12025886565233
130102,LA LIBERTAD,TRUJILLO,EL PORVENIR,2,29079245.42,29147092.53,MUNICIPALIDAD DISTRITAL DE EL PORVENIR,LA LIBERTAD,100.2333179868324
130103,LA LIBERTAD,TRUJILLO,FLORENCIA DE MORA,2,11686366.33,11695766.53,MUNICIPALIDAD DISTRITAL DE FLORENCIA DE MORA,LA LIBERTAD,100.08043732101628
130104,LA LIBERTAD,TRUJILLO,HUANCHACO,2,22282325.52,22340737.51,MUNICIPALIDAD DISTRITAL DE HUANCHACO,LA LIBERTAD,100.26214494509368
130105,LA LIBERTAD,TRUJILLO,LA ESPERANZA,2,44315709.46,44384251.55,MUNICIPALIDAD DISTRITAL DE LA ESPERANZA,LA LIBERTAD,100.15466770324836
130106,LA LIBERTAD,TRUJILLO,LAREDO,2,16030180.27,16039573.0,MUNICIPALIDAD DISTRITAL DE LAREDO,LA LIBERTAD,100.0585940385061
130107,LA LIBERTAD,TRUJILLO,MOCHE,2,19636090.669999998,19662848.19,MUNICIPALIDAD DISTRITAL DE MOCHE,LA LIBERTAD,100.13626704240517
130108,LA LIBERTAD,TRUJILLO,POROTO,2,3299299.55,3304875.63,MUNICIPALIDAD DISTRITAL DE POROTO,LA LIBERTAD,100.16900799443931
130109,LA LIBERTAD,TRUJILLO,SALAVERRY,2,15108649.34,15142571.27,MUNICIPALIDAD DISTRITAL DE SALAVERRY,LA LIBERTAD,100.22451993713423
130110,LA LIBERTAD,TRUJILLO,SIMBAL,2,3952226.65,3958907.58,MUNICIPALIDAD DISTRITAL DE SIMBAL,LA LIBERTAD,100.16904217778098
130111,LA LIBERTAD,TRUJILLO,VICTOR LARCO HERRERA,2,40111771.07,40165366.78,MUNICIPALIDAD DISTRITAL DE VICTOR LARCO HERRERA,LA LIBERTAD,100.13361591515485
130112,LA LIBERTAD,TRUJILLO,ALTO TRUJILLO,2,11811827.2,11846286.45,MUNICIPALIDAD DISTRITAL DE ALTO TRUJILLO,LA LIBERTAD,100.29173513476391
130201,LA LIBERTAD,ASCOPE,ASCOPE,1,15559877.68,15565728.45,MUNICIPALIDAD PROVINCIAL DE ASCOPE,LA LIBERTAD,100.0376016452078
130202,LA LIBERTAD,ASCOPE,CHICAMA,2,8213718.96,8219763.4799999995,MUNICIPALIDAD DISTRITAL DE CHICAMA,LA LIBERTAD,100.07359053833515
130203,LA LIBERTAD,ASCOPE,CHOCOPE,2,3691870.62,3697158.19,MUNICIPALIDAD DISTRITAL DE CHOCOPE,LA LIBERTAD,100.14322197455554
130204,LA LIBERTAD,ASCOPE,MAGDALENA DE CAO,2,1992523.02,1993812.08,MUNICIPALIDAD DISTRITAL DE MAGDALENA DE CAO,LA LIBERTAD,100.06469486109124
130205,LA LIBERTAD,ASCOPE,PAIJAN,2,11415606.79,11443265.77,MUNICIPALIDAD DISTRITAL DE PAIJAN,LA LIBERTAD,100.24229093125588
130206,LA LIBERTAD,ASCOPE,RAZURI,2,10720185.84,10753284.99,MUNICIPALIDAD DISTRITAL DE RAZURI,LA LIBERTAD,100.30875537508406
130207,LA LIBERTAD,ASCOPE,SANTIAGO DE CAO,2,8178696.07,8188652.18,MUNICIPALIDAD DISTRITAL DE SANTIAGO DE CAO,LA LIBERTAD,100.12173224087051
130208,LA LIBERTAD,ASCOPE,CASA GRANDE,2,12960387.73,12962929.12,MUNICIPALIDAD DISTRITAL DE CASA GRANDE,LA LIBERTAD,100.01960890409256
130301,LA LIBERTAD,BOLIVAR,BOLIVAR,1,5318010.2,5319219.4,MUNICIPALIDAD PROVINCIAL DE BOLIVAR,LA LIBERTAD,100.02273782776875
130302,LA LIBERTAD,BOLIVAR,BAMBAMARCA,2,2160890.62,2162936.13,MUNICIPALIDAD DISTRITAL DE BAMBAMARCA,LA LIBERTAD,100.09466050623145
130303,LA LIBERTAD,BOLIVAR,CONDORMARCA,2,1531411.83,1533776.8699999999,MUNICIPALIDAD DISTRITAL DE CONDORMARCA,LA LIBERTAD,100.15443527036093
130304,LA LIBERTAD,BOLIVAR,LONGOTEA,2,1108120.72,1109942.3,MUNICIPALIDAD DISTRITAL DE LONGOTEA,LA LIBERTAD,100.16438461686738
130305,LA LIBERTAD,BOLIVAR,UCHUMARCA,2,5831393.67,5831698.18,MUNICIPALIDAD DISTRITAL DE UCHUMARCA,LA LIBERTAD,100.00522190778453
130306,LA LIBERTAD,BOLIVAR,UCUNCHA,2,717558.35,718002.21,MUNICIPALIDAD DISTRITAL DE UCUNCHA,LA LIBERTAD,100.06185699044545
130401,LA LIBERTAD,CHEPEN,CHEPEN,1,21405239.24,21419837.95,MUNICIPALIDAD PROVINCIAL DE CHEPEN,LA LIBERTAD,100.06820157362559
130402,LA LIBERTAD,CHEPEN,PACANGA,2,9738477.84,9652294.76,MUNICIPALIDAD DISTRITAL DE PACANGA,LA LIBERTAD,99.11502514647607
130403,LA LIBERTAD,CHEPEN,PUEBLO NUEVO,2,4841541.26,4842918.34,MUNICIPALIDAD DISTRITAL DE PUEBLO NUEVO,LA LIBERTAD,100.0284430086629
130501,LA LIBERTAD,JULCAN,JULCAN,1,15015667.370000001,15039270.16,MUNICIPALIDAD PROVINCIAL DE JULCAN,LA LIBERTAD,100.15718775208856
130502,LA LIBERTAD,JULCAN,CALAMARCA,2,3640755.74,3647704.4,MUNICIPALIDAD DISTRITAL DE CALAMARCA,LA LIBERTAD,100.190857626719
130503,LA LIBERTAD,JULCAN,CARABAMBA,2,4459936.79,4394193.84,MUNICIPALIDAD DISTRITAL DE CARABAMBA,LA LIBERTAD,98.52592193352588
130504,LA LIBERTAD,JULCAN,HUASO,2,5143529.45,5152450.47,MUNICIPALIDAD DISTRITAL DE HUASO,LA LIBERTAD,100.17344160438314
130601,LA LIBERTAD,OTUZCO,OTUZCO,1,23589553.62,23616679.63,MUNICIPALIDAD PROVINCIAL DE OTUZCO,LA LIBERTAD,100.11499162060024
130602,LA LIBERTAD,OTUZCO,AGALLPAMPA,2,5694555.27,5716642.41,MUNICIPALIDAD DISTRITAL DE AGALLPAMPA,LA LIBERTAD,100.38786417819772
130604,LA LIBERTAD,OTUZCO,CHARAT,2,1516515.77,1517855.3,MUNICIPALIDAD DISTRITAL DE CHARAT,LA LIBERTAD,100.08832944744123
130605,LA LIBERTAD,OTUZCO,HUARANCHAL,2,2996683.75,2999552.7199999997,MUNICIPALIDAD DISTRITAL DE HUARANCHAL,LA LIBERTAD,100.09573816389533
130606,LA LIBERTAD,OTUZCO,LA CUESTA,2,659675.21,660470.5,MUNICIPALIDAD DISTRITAL DE LA CUESTA,LA LIBERTAD,100.12055781207847
130608,LA LIBERTAD,OTUZCO,MACHE,2,1523984.05,1524270.89,MUNICIPALIDAD DISTRITAL DE MACHE,LA LIBERTAD,100.01882171929554
130610,LA LIBERTAD,OTUZCO,PARANDAY,2,613778.32,614420.29,MUNICIPALIDAD DISTRITAL DE PARANDAY,LA LIBERTAD,100.10459313714438
130611,LA LIBERTAD,OTUZCO,SALPO,2,3465252.12,3469872.91,MUNICIPALIDAD DISTRITAL DE SALPO,LA LIBERTAD,100.13334643021588
130613,LA LIBERTAD,OTUZCO,SINSICAP,2,5320666.72,5327064.7,MUNICIPALIDAD DISTRITAL DE SINSICAP,LA LIBERTAD,100.1202477121138
130614,LA LIBERTAD,OTUZCO,USQUIL,2,12905155.91,12923956.44,MUNICIPALIDAD DISTRITAL DE USQUIL,LA LIBERTAD,100.1456823158985
130701,LA LIBERTAD,PACASMAYO,SAN PEDRO DE LLOC,1,15487496.66,15494891.72,MUNICIPALIDAD PROVINCIAL DE PACASMAYO - SAN PEDRO DE LLOC,LA LIBERTAD,100.04774858172593
130702,LA LIBERTAD,PACASMAYO,GUADALUPE,2,13778548.74,13781259.78,MUNICIPALIDAD DISTRITAL DE GUADALUPE,LA LIBERTAD,100.0196758022282
130703,LA LIBERTAD,PACASMAYO,JEQUETEPEQUE,2,2164095.1,2164788.23,MUNICIPALIDAD DISTRITAL DE JEQUETEPEQUE,LA LIBERTAD,100.03202862942575
130704,LA LIBERTAD,PACASMAYO,PACASMAYO,2,14965890.15,14992804.85,MUNICIPALIDAD DISTRITAL DE PACASMAYO,LA LIBERTAD,100.17984028835063
130705,LA LIBERTAD,PACASMAYO,SAN JOSE,2,4476374.11,4479976.18,MUNICIPALIDAD DISTRITAL DE SAN JOSE,LA LIBERTAD,100.08046847541077
130801,LA LIBERTAD,PATAZ,TAYABAMBA,1,25254226.87,25311735.27,MUNICIPALIDAD PROVINCIAL DE PATAZ - TAYABAMBA,LA LIBERTAD,100.22771791944388
130802,LA LIBERTAD,PATAZ,BULDIBUYO,2,5399829.3,5415301.41,MUNICIPALIDAD DISTRITAL DE BULDIBUYO,LA LIBERTAD,100.28652961307499
130803,LA LIBERTAD,PATAZ,CHILLIA,2,17306515.54,17350503.65,MUNICIPALIDAD DISTRITAL DE CHILLIA,LA LIBERTAD,100.25417080577733
130804,LA LIBERTAD,PATAZ,HUANCASPATA,2,6163298.6,6173667.8100000005,MUNICIPALIDAD DISTRITAL DE HUANCASPATA,LA LIBERTAD,100.16824124016968
130805,LA LIBERTAD,PATAZ,HUAYLILLAS,2,2362359.42,2369509.66,MUNICIPALIDAD DISTRITAL DE HUAYLILLAS,LA LIBERTAD,100.30267367190045
130806,LA LIBERTAD,PATAZ,HUAYO,2,5233570.49,5245731.7299999995,MUNICIPALIDAD DISTRITAL DE HUAYO,LA LIBERTAD,100.23236985196313
130807,LA LIBERTAD,PATAZ,ONGON,2,6708465.94,6723095.81,MUNICIPALIDAD DISTRITAL DE ONGON,LA LIBERTAD,100.21808070773331
130808,LA LIBERTAD,PATAZ,PARCOY,2,33189695.25,33265756.81,MUNICIPALIDAD DISTRITAL DE PARCOY,LA LIBERTAD,100.22917221573464
130809,LA LIBERTAD,PATAZ,PATAZ,2,25116503.51,25254689.16,MUNICIPALIDAD DISTRITAL DE PATAZ,LA LIBERTAD,100.55017869005923
130810,LA LIBERTAD,PATAZ,PIAS,2,6544202.46,6559273.16,MUNICIPALIDAD DISTRITAL DE PIAS,LA LIBERTAD,100.23029085808571
130811,LA LIBERTAD,PATAZ,SANTIAGO DE CHALLAS,2,2304951.94,2307509.0,MUNICIPALIDAD DISTRITAL DE SANTIAGO DE CHALLAS,LA LIBERTAD,100.11093767100411
130812,LA LIBERTAD,PATAZ,TAURIJA,2,2585824.42,2592798.25,MUNICIPALIDAD DISTRITAL DE TAURIJA,LA LIBERTAD,100.26969464539283
130813,LA LIBERTAD,PATAZ,URPAY,2,2868998.04,2874268.66,MUNICIPALIDAD DISTRITAL DE URPAY,LA LIBERTAD,100.18370943188236
130901,LA LIBERTAD,SANCHEZ CARRION,HUAMACHUCO,1,83159923.28,83389216.34,MUNICIPALIDAD PROVINCIAL DE SANCHEZ CARRION - HUAMACHUCO,LA LIBERTAD,100.27572543474814
130902,LA LIBERTAD,SANCHEZ CARRION,CHUGAY,2,20129871.98,19842904.16,MUNICIPALIDAD DISTRITAL DE CHUGAY,LA LIBERTAD,98.5744180574764
130903,LA LIBERTAD,SANCHEZ CARRION,COCHORCO,2,9127450.78,9082639.98,MUNICIPALIDAD DISTRITAL DE COCHORCO,LA LIBERTAD,99.5090545971698
130904,LA LIBERTAD,SANCHEZ CARRION,CURGOS,2,6855564.91,6866501.33,MUNICIPALIDAD DISTRITAL DE CURGOS,LA LIBERTAD,100.15952616806308
130905,LA LIBERTAD,SANCHEZ CARRION,MARCABAL,2,10726957.95,10753949.91,MUNICIPALIDAD DISTRITAL DE MARCABAL,LA LIBERTAD,100.25162734976509
130906,LA LIBERTAD,SANCHEZ CARRION,SANAGORAN,2,14174854.71,14203308.69,MUNICIPALIDAD DISTRITAL DE SANAGORAN,LA LIBERTAD,100.20073560246036
130907,LA LIBERTAD,SANCHEZ CARRION,SARIN,2,8768790.29,8780782.67,MUNICIPALIDAD DISTRITAL DE SARIN,LA LIBERTAD,100.13676208009761
130908,LA LIBERTAD,SANCHEZ CARRION,SARTIMBAMBA,2,13740699.15,13756734.49,MUNICIPALIDAD DISTRITAL DE SARTIMBAMBA,LA LIBERTAD,100.11669959312077
131001,LA LIBERTAD,SANTIAGO DE CHUCO,SANTIAGO DE CHUCO,1,27854060.63,27887227.01,MUNICIPALIDAD PROVINCIAL DE SANTIAGO DE CHUCO,LA LIBERTAD,100.11907197460567
131002,LA LIBERTAD,SANTIAGO DE CHUCO,ANGASMARCA,2,5519927.0,5533796.86,MUNICIPALIDAD DISTRITAL DE ANGASMARCA,LA LIBERTAD,100.25126890265034
131003,LA LIBERTAD,SANTIAGO DE CHUCO,CACHICADAN,2,5789100.88,5795757.49,MUNICIPALIDAD DISTRITAL DE CACHICADAN,LA LIBERTAD,100.11498521338602
131004,LA LIBERTAD,SANTIAGO DE CHUCO,MOLLEBAMBA,2,1977210.54,1981513.75,MUNICIPALIDAD DISTRITAL DE MOLLEBAMBA,LA LIBERTAD,100.21764045421283
131005,LA LIBERTAD,SANTIAGO DE CHUCO,MOLLEPATA,2,2412225.9,2415190.16,MUNICIPALIDAD DISTRITAL DE MOLLEPATA,LA LIBERTAD,100.12288484258461
131006,LA LIBERTAD,SANTIAGO DE CHUCO,QUIRUVILCA,2,27953240.92,27989345.7,MUNICIPALIDAD DISTRITAL DE QUIRUVILCA,LA LIBERTAD,100.12916133804781
131007,LA LIBERTAD,SANTIAGO DE CHUCO,SANTA CRUZ DE CHUCA,2,2896133.2,2900967.02,MUNICIPALIDAD DISTRITAL DE SANTA CRUZ DE CHUCA,LA LIBERTAD,100.1669059972794
131008,LA LIBERTAD,SANTIAGO DE CHUCO,SITABAMBA,2,3913130.6,3919021.54,MUNICIPALIDAD DISTRITAL DE SITABAMBA,LA LIBERTAD,100.15054289269057
131101,LA LIBERTAD,GRAN CHIMU,CASCAS,1,13075742.41,13108633.7,MUNICIPALIDAD PROVINCIAL GRAN CHIMU - CASCAS,LA LIBERTAD,100.25154434041806
131102,LA LIBERTAD,GRAN CHIMU,LUCMA,2,3589561.26,3600467.36,MUNICIPALIDAD DISTRITAL DE LUCMA,LA LIBERTAD,100.30382821771373
131103,LA LIBERTAD,GRAN CHIMU,MARMOT,2,1990070.89,1991755.81,MUNICIPALIDAD DISTRITAL DE MARMOT,LA LIBERTAD,100.0846663306552
131104,LA LIBERTAD,GRAN CHIMU,SAYAPULLO,2,4357944.75,4251414.7,MUNICIPALIDAD DISTRITAL DE SAYAPULLO,LA LIBERTAD,97.55549792135386
131201,LA LIBERTAD,VIRU,VIRU,1,37351893.54,37451277.51,MUNICIPALIDAD PROVINCIAL DE VIRU,LA LIBERTAD,100.26607478384884
131202,LA LIBERTAD,VIRU,CHAO,2,24347275.61,24398738.19,MUNICIPALIDAD DISTRITAL DE CHAO,LA LIBERTAD,100.21136894667124
131203,LA LIBERTAD,VIRU,GUADALUPITO,2,4337267.17,4343514.47,MUNICIPALIDAD DISTRITAL DE GUADALUPITO,LA LIBERTAD,100.144037702893
140101,LAMBAYEQUE,CHICLAYO,CHICLAYO,1,140378136.95,140626583.24,MUNICIPALIDAD PROVINCIAL DE CHICLAYO,LAMBAYEQUE,100.17698360684791
140102,LAMBAYEQUE,CHICLAYO,CHONGOYAPE,2,5178859.61,5186416.22,MUNICIPALIDAD DISTRITAL DE CHONGOYAPE,LAMBAYEQUE,100.14591262496107
140103,LAMBAYEQUE,CHICLAYO,ETEN,2,2626388.31,2627342.16,MUNICIPALIDAD DISTRITAL DE ETEN,LAMBAYEQUE,100.03631793502767
140104,LAMBAYEQUE,CHICLAYO,ETEN PUERTO,2,1405702.74,1407908.9,MUNICIPALIDAD DISTRITAL DE ETEN PUERTO,LAMBAYEQUE,100.15694356546534
140105,LAMBAYEQUE,CHICLAYO,JOSE LEONARDO ORTIZ,2,41955841.82,42014319.67,MUNICIPALIDAD DISTRITAL DE JOSE LEONARDO ORTIZ,LAMBAYEQUE,100.13937951775794
140106,LAMBAYEQUE,CHICLAYO,LA VICTORIA,2,25024634.35,25062963.4,MUNICIPALIDAD DISTRITAL DE LA VICTORIA,LAMBAYEQUE,100.15316527492038
140107,LAMBAYEQUE,CHICLAYO,LAGUNAS,2,3548798.46,3550743.16,MUNICIPALIDAD DISTRITAL DE LAGUNAS,LAMBAYEQUE,100.05479882900987
140108,LAMBAYEQUE,CHICLAYO,MONSEFU,2,9270698.4,9279642.58,MUNICIPALIDAD DISTRITAL DE MONSEFU,LAMBAYEQUE,100.09647795251325
140109,LAMBAYEQUE,CHICLAYO,NUEVA ARICA,2,1306050.23,1306804.45,MUNICIPALIDAD DISTRITAL DE NUEVA ARICA,LAMBAYEQUE,100.05774816179927
140110,LAMBAYEQUE,CHICLAYO,OYOTUN,2,2326978.52,2328262.39,MUNICIPALIDAD DISTRITAL DE OYOTUN,LAMBAYEQUE,100.05517326391134
140111,LAMBAYEQUE,CHICLAYO,PICSI,2,2950080.9,2951274.84,MUNICIPALIDAD DISTRITAL DE PICSI,LAMBAYEQUE,100.0404714324953
140112,LAMBAYEQUE,CHICLAYO,PIMENTEL,2,20510610.96,20536253.59,MUNICIPALIDAD DISTRITAL DE PIMENTEL,LAMBAYEQUE,100.12502128800554
140113,LAMBAYEQUE,CHICLAYO,REQUE,2,5447152.2,5452447.74,MUNICIPALIDAD DISTRITAL DE REQUE,LAMBAYEQUE,100.09721667039155
140114,LAMBAYEQUE,CHICLAYO,SANTA ROSA,2,3188907.64,3191782.03,MUNICIPALIDAD DISTRITAL DE SANTA ROSA,LAMBAYEQUE,100.0901371354863
140115,LAMBAYEQUE,CHICLAYO,SAÑA,2,3653310.26,3657236.59,MUNICIPALIDAD DISTRITAL DE ZAÑA,LAMBAYEQUE,100.10747321526424
140116,LAMBAYEQUE,CHICLAYO,CAYALTI,2,3658898.97,3661982.08,MUNICIPALIDAD DISTRITAL DE CAYALTI,LAMBAYEQUE,100.08426332689912
140117,LAMBAYEQUE,CHICLAYO,PATAPO,2,4712571.14,4717016.21,MUNICIPALIDAD DISTRITAL DE PATAPO,LAMBAYEQUE,100.0943236689261
140118,LAMBAYEQUE,CHICLAYO,POMALCA,2,5369146.76,5371077.36,MUNICIPALIDAD DISTRITAL DE POMALCA,LAMBAYEQUE,100.03595729612725
140119,LAMBAYEQUE,CHICLAYO,PUCALA,2,2429740.96,2431984.28,MUNICIPALIDAD DISTRITAL DE PUCALA,LAMBAYEQUE,100.09232753766474
140120,LAMBAYEQUE,CHICLAYO,TUMAN,2,5451542.28,5453104.11,MUNICIPALIDAD DISTRITAL DE TUMAN,LAMBAYEQUE,100.02864932380199
140201,LAMBAYEQUE,FERREÑAFE,FERREÑAFE,1,18796708.93,18805640.95,MUNICIPALIDAD PROVINCIAL DE FERREÑAFE,LAMBAYEQUE,100.04751906322146
140202,LAMBAYEQUE,FERREÑAFE,CAÑARIS,2,6747181.9799999995,6746952.13,MUNICIPALIDAD DISTRITAL DE KAÑARIS,LAMBAYEQUE,99.99659339260923
140203,LAMBAYEQUE,FERREÑAFE,INCAHUASI,2,8254891.48,8278540.25,MUNICIPALIDAD DISTRITAL DE INCAHUASI,LAMBAYEQUE,100.28648190054705
140204,LAMBAYEQUE,FERREÑAFE,MANUEL ANTONIO MESONES MURO,2,3056668.41,3058927.71,MUNICIPALIDAD DISTRITAL DE MANUEL ANTONIO MESONES MURO,LAMBAYEQUE,100.0739138073534
140205,LAMBAYEQUE,FERREÑAFE,PITIPO,2,9008013.65,9019594.94,MUNICIPALIDAD DISTRITAL DE PITIPO,LAMBAYEQUE,100.12856652365308
140206,LAMBAYEQUE,FERREÑAFE,PUEBLO NUEVO,2,4965925.98,4970922.28,MUNICIPALIDAD DISTRITAL DE PUEBLO NUEVO,LAMBAYEQUE,100.10061164866576
140301,LAMBAYEQUE,LAMBAYEQUE,LAMBAYEQUE,1,68209482.67,68340290.05,MUNICIPALIDAD PROVINCIAL DE LAMBAYEQUE,LAMBAYEQUE,100.19177301290034
140302,LAMBAYEQUE,LAMBAYEQUE,CHOCHOPE,2,1805748.92,1806422.54,MUNICIPALIDAD DISTRITAL DE CHOCHOPE,LAMBAYEQUE,100.03730418955477
140303,LAMBAYEQUE,LAMBAYEQUE,ILLIMO,2,4872771.52,4877610.4,MUNICIPALIDAD DISTRITAL DE ILLIMO,LAMBAYEQUE,100.09930447139047
140304,LAMBAYEQUE,LAMBAYEQUE,JAYANCA,2,10287230.51,10315192.07,MUNICIPALIDAD DISTRITAL DE JAYANCA,LAMBAYEQUE,100.27180843253021
140305,LAMBAYEQUE,LAMBAYEQUE,MOCHUMI,2,9202982.639999999,9222064.16,MUNICIPALIDAD DISTRITAL DE MOCHUMI,LAMBAYEQUE,100.20734060626242
140306,LAMBAYEQUE,LAMBAYEQUE,MORROPE,2,22504807.9,22544679.13,MUNICIPALIDAD DISTRITAL DE MORROPE,LAMBAYEQUE,100.17716760870464
140307,LAMBAYEQUE,LAMBAYEQUE,MOTUPE,2,15056024.36,15093801.73,MUNICIPALIDAD DISTRITAL DE MOTUPE,LAMBAYEQUE,100.25091198776461
140308,LAMBAYEQUE,LAMBAYEQUE,OLMOS,2,30141346.04,30198245.84,MUNICIPALIDAD DISTRITAL DE OLMOS,LAMBAYEQUE,100.18877657263378
140309,LAMBAYEQUE,LAMBAYEQUE,PACORA,2,4227650.83,4234704.3100000005,MUNICIPALIDAD DISTRITAL DE PACORA,LAMBAYEQUE,100.166841593207
140310,LAMBAYEQUE,LAMBAYEQUE,SALAS,2,6529168.15,6356237.07,MUNICIPALIDAD DISTRITAL DE SALAS,LAMBAYEQUE,97.35140716202875
140311,LAMBAYEQUE,LAMBAYEQUE,SAN JOSE,2,5949734.25,5963865.5200000005,MUNICIPALIDAD DISTRITAL DE SAN JOSE,LAMBAYEQUE,100.23751094429133
140312,LAMBAYEQUE,LAMBAYEQUE,TUCUME,2,12380185.78,12397051.04,MUNICIPALIDAD DISTRITAL DE TUCUME,LAMBAYEQUE,100.13622784261644
150101,LIMA,LIMA,LIMA,1,464372229.87,464622122.71999997,MUNICIPALIDAD METROPOLITANA DE LIMA,LIMA,100.05381304779357
150102,LIMA,LIMA,ANCON,2,27715662.1,27541554.02,MUNICIPALIDAD DISTRITAL DE ANCON,LIMA,99.37180616731504
150103,LIMA,LIMA,ATE,2,254013705.39000002,254148458.65,MUNICIPALIDAD DISTRITAL DE ATE - VITARTE,LIMA,100.05304960210438
150104,LIMA,LIMA,BARRANCO,2,41347049.46,41356597.56,MUNICIPALIDAD DISTRITAL DE BARRANCO,LIMA,100.02309257885314
150105,LIMA,LIMA,BREÑA,2,36808324.22,36736812.34,MUNICIPALIDAD DISTRITAL DE BREÑA,LIMA,99.80571818599354
150106,LIMA,LIMA,CARABAYLLO,2,105048259.57,105022282.36,MUNICIPALIDAD DISTRITAL DE CARABAYLLO,LIMA,99.97527116574199
150107,LIMA,LIMA,CHACLACAYO,2,9604123.72,9551383.79,MUNICIPALIDAD DISTRITAL DE CHACLACAYO,LIMA,99.45086161384849
150108,LIMA,LIMA,CHORRILLOS,2,33085851.72,33024006.77,MUNICIPALIDAD DISTRITAL DE CHORRILLOS,LIMA,99.81307735244846
150109,LIMA,LIMA,CIENEGUILLA,2,20023580.99,20043075.13,MUNICIPALIDAD DISTRITAL DE CIENEGUILLA,LIMA,100.09735591255998
150110,LIMA,LIMA,COMAS,2,106538678.0,106481939.54,MUNICIPALIDAD DISTRITAL DE COMAS,LIMA,99.94674379195882
150111,LIMA,LIMA,EL AGUSTINO,2,60987886.31,60936061.43,MUNICIPALIDAD DISTRITAL DE EL AGUSTINO,LIMA,99.91502430542259
150112,LIMA,LIMA,INDEPENDENCIA,2,57929715.89,57932347.67,MUNICIPALIDAD DISTRITAL DE INDEPENDENCIA,LIMA,100.00454305697787
150113,LIMA,LIMA,JESUS MARIA,2,100032290.29,100059705.19,MUNICIPALIDAD DISTRITAL DE JESUS MARIA,LIMA,100.02740605050681
150114,LIMA,LIMA,LA MOLINA,2,85962926.17999999,86016214.87,MUNICIPALIDAD DISTRITAL DE LA MOLINA,LIMA,100.06199031648646
150115,LIMA,LIMA,LA VICTORIA,2,151540007.45,151483167.36,MUNICIPALIDAD DISTRITAL DE LA VICTORIA,LIMA,99.96249169380651
150116,LIMA,LIMA,LINCE,2,43285297.51,43320288.29,MUNICIPALIDAD DISTRITAL DE LINCE,LIMA,100.08083756382158
150117,LIMA,LIMA,LOS OLIVOS,2,46869708.23,46892158.76,MUNICIPALIDAD DISTRITAL DE LOS OLIVOS,LIMA,100.04789987146887
150118,LIMA,LIMA,LURIGANCHO,2,114977735.79,114954875.01,MUNICIPALIDAD DISTRITAL DE LURIGANCHO (CHOSICA),LIMA,99.9801172115254
150119,LIMA,LIMA,LURIN,2,62564403.92,62574025.2,MUNICIPALIDAD DISTRITAL DE LURIN,LIMA,100.01537820133682
150120,LIMA,LIMA,MAGDALENA DEL MAR,2,5514593.2,5535098.54,MUNICIPALIDAD DISTRITAL DE MAGDALENA DEL MAR,LIMA,100.37183776311913
150121,LIMA,LIMA,PUEBLO LIBRE,2,45482160.46,45499371.62,MUNICIPALIDAD DISTRITAL DE PUEBLO LIBRE,LIMA,100.03784156211123
150122,LIMA,LIMA,MIRAFLORES,2,252922645.63,252980762.23,MUNICIPALIDAD DISTRITAL DE MIRAFLORES,LIMA,100.02297801363545
150123,LIMA,LIMA,PACHACAMAC,2,47515237.35,47610094.26,MUNICIPALIDAD DISTRITAL DE PACHACAMAC,LIMA,100.1996347178091
150124,LIMA,LIMA,PUCUSANA,2,18805458.66,18638687.400000002,MUNICIPALIDAD DISTRITAL DE PUCUSANA,LIMA,99.11317632281563
150125,LIMA,LIMA,PUENTE PIEDRA,2,109755193.01,109784294.0,MUNICIPALIDAD DISTRITAL DE PUENTE PIEDRA,LIMA,100.02651445385126
150126,LIMA,LIMA,PUNTA HERMOSA,2,26663911.39,26689782.6,MUNICIPALIDAD DISTRITAL DE PUNTA HERMOSA,LIMA,100.09702706261506
150127,LIMA,LIMA,PUNTA NEGRA,2,12341863.88,12358491.62,MUNICIPALIDAD DISTRITAL DE PUNTA NEGRA,LIMA,100.13472632790048
150128,LIMA,LIMA,RIMAC,2,47283966.81,47258652.29,MUNICIPALIDAD DISTRITAL DE RIMAC,LIMA,99.94646278282505
150129,LIMA,LIMA,SAN BARTOLO,2,6426907.15,6435514.67,MUNICIPALIDAD DISTRITAL DE SAN BARTOLO,LIMA,100.13392942824761
150130,LIMA,LIMA,SAN BORJA,2,148531673.23,148594041.16,MUNICIPALIDAD DISTRITAL DE SAN BORJA,LIMA,100.04198965018286
150131,LIMA,LIMA,SAN ISIDRO,2,243860855.09,244111529.46,MUNICIPALIDAD DISTRITAL DE SAN ISIDRO,LIMA,100.10279401747668
150132,LIMA,LIMA,SAN JUAN DE LURIGANCHO,2,299218471.84,299577763.94,MUNICIPALIDAD DISTRITAL DE SAN JUAN DE LURIGANCHO,LIMA,100.12007684478522
150133,LIMA,LIMA,SAN JUAN DE MIRAFLORES,2,88659612.46,88672479.86,MUNICIPALIDAD DISTRITAL DE SAN JUAN DE MIRAFLORES,LIMA,100.01451325991957
150134,LIMA,LIMA,SAN LUIS,2,22134983.9,22110157.14,MUNICIPALIDAD DISTRITAL DE SAN LUIS,LIMA,99.88783926786593
150135,LIMA,LIMA,SAN MARTIN DE PORRES,2,179874634.99,179786423.32,MUNICIPALIDAD DISTRITAL DE SAN MARTIN DE PORRES,LIMA,99.95095936122127
150136,LIMA,LIMA,SAN MIGUEL,2,109788445.58,109860750.78,MUNICIPALIDAD DISTRITAL DE SAN MIGUEL,LIMA,100.0658586608254
150137,LIMA,LIMA,SANTA ANITA,2,81250488.96000001,81341713.01,MUNICIPALIDAD DISTRITAL DE SANTA ANITA,LIMA,100.11227507817819
150138,LIMA,LIMA,SANTA MARIA DEL MAR,2,6393490.07,6396083.54,MUNICIPALIDAD DISTRITAL DE SANTA MARIA DEL MAR,LIMA,100.04056422973376
150139,LIMA,LIMA,SANTA ROSA,2,12590469.97,12595649.08,MUNICIPALIDAD DISTRITAL DE SANTA ROSA,LIMA,100.0411351602628
150140,LIMA,LIMA,SANTIAGO DE SURCO,2,341657856.82,341726068.83,MUNICIPALIDAD DISTRITAL DE SANTIAGO DE SURCO,LIMA,100.01996500552772
150141,LIMA,LIMA,SURQUILLO,2,67573637.48,67469036.56,MUNICIPALIDAD DISTRITAL DE SURQUILLO,LIMA,99.84520454440393
150142,LIMA,LIMA,VILLA EL SALVADOR,2,126604215.95,126805471.52,MUNICIPALIDAD DISTRITAL DE VILLA EL SALVADOR,LIMA,100.15896435082342
150143,LIMA,LIMA,VILLA MARIA DEL TRIUNFO,2,81259383.51,81514778.46,MUNICIPALIDAD DISTRITAL DE VILLA MARIA DEL TRIUNFO,LIMA,100.31429594831783
150201,LIMA,BARRANCA,BARRANCA,1,47409966.34,47459905.62,MUNICIPALIDAD PROVINCIAL DE BARRANCA,LIMA,100.10533498303259
150202,LIMA,BARRANCA,PARAMONGA,2,10050493.48,10057971.63,MUNICIPALIDAD DISTRITAL DE PARAMONGA,LIMA,100.0744057992265
150203,LIMA,BARRANCA,PATIVILCA,2,8320182.2,8333521.86,MUNICIPALIDAD DISTRITAL DE PATIVILCA,LIMA,100.16032894087343
150204,LIMA,BARRANCA,SUPE,2,14378916.34,14415160.7,MUNICIPALIDAD DISTRITAL DE SUPE,LIMA,100.2520660051354
150205,LIMA,BARRANCA,SUPE PUERTO,2,6976078.87,6983516.85,MUNICIPALIDAD DISTRITAL DE SUPE PUERTO,LIMA,100.10662121427535
150301,LIMA,CAJATAMBO,CAJATAMBO,1,3166771.51,3169269.82,MUNICIPALIDAD PROVINCIAL DE CAJATAMBO,LIMA,100.07889138803071
150302,LIMA,CAJATAMBO,COPA,2,962854.97,964725.88,MUNICIPALIDAD DISTRITAL DE COPA,LIMA,100.19430859872905
150303,LIMA,CAJATAMBO,GORGOR,2,2132007.39,2134856.67,MUNICIPALIDAD DISTRITAL DE GORGOR,LIMA,100.13364306396704
150304,LIMA,CAJATAMBO,HUANCAPON,2,1028561.07,1030165.4,MUNICIPALIDAD DISTRITAL DE HUANCAPON,LIMA,100.15597809860722
150305,LIMA,CAJATAMBO,MANAS,2,1276011.6,1277404.21,MUNICIPALIDAD DISTRITAL DE MANAS,LIMA,100.10913772257243
150401,LIMA,CANTA,CANTA,1,5241951.66,5244819.8,MUNICIPALIDAD PROVINCIAL DE CANTA,LIMA,100.05471511730804
150402,LIMA,CANTA,ARAHUAY,2,921122.73,922167.4400000001,MUNICIPALIDAD DISTRITAL DE ARAHUAY,LIMA,100.11341702532951
150403,LIMA,CANTA,HUAMANTANGA,2,945804.65,946932.95,MUNICIPALIDAD DISTRITAL DE HUAMANTANGA,LIMA,100.11929524770258
150404,LIMA,CANTA,HUAROS,2,965107.39,966714.77,MUNICIPALIDAD DISTRITAL DE HUAROS,LIMA,100.16654934120855
150405,LIMA,CANTA,LACHAQUI,2,895532.5499999999,896151.6,MUNICIPALIDAD DISTRITAL DE LACHAQUI,LIMA,100.06912646558744
150406,LIMA,CANTA,SAN BUENAVENTURA,2,738853.04,739457.37,MUNICIPALIDAD DISTRITAL DE SAN BUENAVENTURA,LIMA,100.08179299093091
150407,LIMA,CANTA,SANTA ROSA DE QUIVES,2,5586118.35,5595786.46,MUNICIPALIDAD DISTRITAL DE SANTA ROSA DE QUIVES,LIMA,100.17307384831902
150501,LIMA,CAÑETE,SAN VICENTE DE CAÑETE,1,67675142.62,67791975.04,MUNICIPALIDAD PROVINCIAL DE CAÑETE - SAN VICENTE DE CAÑETE,LIMA,100.17263712417427
150502,LIMA,CAÑETE,ASIA,2,36065795.34,36112822.44,MUNICIPALIDAD DISTRITAL DE ASIA,LIMA,100.13039252165844
150503,LIMA,CAÑETE,CALANGO,2,3720786.42,3722716.24,MUNICIPALIDAD DISTRITAL DE CALANGO,LIMA,100.05186591709825
150504,LIMA,CAÑETE,CERRO AZUL,2,13816473.94,13824503.18,MUNICIPALIDAD DISTRITAL DE CERRO AZUL,LIMA,100.05811352473047
150505,LIMA,CAÑETE,CHILCA,2,44622065.87,44699243.67,MUNICIPALIDAD DISTRITAL DE CHILCA,LIMA,100.17295882316353
150506,LIMA,CAÑETE,COAYLLO,2,4068788.31,4074252.88,MUNICIPALIDAD DISTRITAL DE COAYLLO,LIMA,100.13430460332796
150507,LIMA,CAÑETE,IMPERIAL,2,16928488.83,16958129.44,MUNICIPALIDAD DISTRITAL DE IMPERIAL,LIMA,100.17509306529166
150508,LIMA,CAÑETE,LUNAHUANA,2,5963951.59,5972245.72,MUNICIPALIDAD DISTRITAL DE LUNAHUANA,LIMA,100.13907104836174
150509,LIMA,CAÑETE,MALA,2,23582312.98,23619175.6,MUNICIPALIDAD DISTRITAL DE MALA,LIMA,100.15631469241912
150510,LIMA,CAÑETE,NUEVO IMPERIAL,2,14487548.44,14500254.16,MUNICIPALIDAD DISTRITAL DE NUEVO IMPERIAL,LIMA,100.08770096647214
150511,LIMA,CAÑETE,PACARAN,2,2814627.4899999998,2816205.42,MUNICIPALIDAD DISTRITAL DE PACARAN,LIMA,100.05606177036238
150512,LIMA,CAÑETE,QUILMANA,2,10768214.09,10770704.15,MUNICIPALIDAD DISTRITAL DE QUILMANA,LIMA,100.02312416877291
150513,LIMA,CAÑETE,SAN ANTONIO,2,14761053.82,14812889.89,MUNICIPALIDAD DISTRITAL DE SAN ANTONIO,LIMA,100.35116781384379
150514,LIMA,CAÑETE,SAN LUIS,2,8559748.09,8567939.89,MUNICIPALIDAD DISTRITAL DE SAN LUIS,LIMA,100.09570141450273
150515,LIMA,CAÑETE,SANTA CRUZ DE FLORES,2,4079650.26,4082652.4,MUNICIPALIDAD DISTRITAL DE SANTA CRUZ DE FLORES,LIMA,100.07358817076639
150516,LIMA,CAÑETE,ZUÑIGA,2,2644026.48,2645437.52,MUNICIPALIDAD DISTRITAL DE ZUÑIGA,LIMA,100.05336709033261
150601,LIMA,HUARAL,HUARAL,1,88128922.33,88448458.74,MUNICIPALIDAD PROVINCIAL DE HUARAL,LIMA,100.36257836990619
150602,LIMA,HUARAL,ATAVILLOS ALTO,2,2433169.47,2435056.41,MUNICIPALIDAD DISTRITAL DE ATAVILLOS ALTO,LIMA,100.07755070180129
150603,LIMA,HUARAL,ATAVILLOS BAJO,2,896704.68,897855.31,MUNICIPALIDAD DISTRITAL DE ATAVILLOS BAJO,LIMA,100.12831760842376
150604,LIMA,HUARAL,AUCALLAMA,2,17564351.28,17599329.599999998,MUNICIPALIDAD DISTRITAL DE AUCALLAMA,LIMA,100.19914381944652
150605,LIMA,HUARAL,CHANCAY,2,42258391.73,42053434.04,MUNICIPALIDAD DISTRITAL DE CHANCAY,LIMA,99.51498937463232
150606,LIMA,HUARAL,IHUARI,2,3026120.48,3029921.03,MUNICIPALIDAD DISTRITAL DE IHUARI,LIMA,100.12559149660822
150607,LIMA,HUARAL,LAMPIAN,2,615136.6,615520.55,MUNICIPALIDAD DISTRITAL DE LAMPIAN,LIMA,100.06241703062378
150608,LIMA,HUARAL,PACARAOS,2,2693385.57,2696000.11,MUNICIPALIDAD DISTRITAL DE PACARAOS,LIMA,100.09707262224622
150609,LIMA,HUARAL,SAN MIGUEL DE ACOS,2,913622.88,913946.22,MUNICIPALIDAD DISTRITAL DE SAN MIGUEL DE ACOS,LIMA,100.03539097006852
150610,LIMA,HUARAL,SANTA CRUZ DE ANDAMARCA,2,1784384.66,1789595.8800000001,MUNICIPALIDAD DISTRITAL DE SANTA CRUZ DE ANDAMARCA,LIMA,100.29204577448004
150611,LIMA,HUARAL,SUMBILCA,2,1181432.57,1183634.38,MUNICIPALIDAD DISTRITAL DE SUMBILCA,LIMA,100.18636780937906
150612,LIMA,HUARAL,VEINTISIETE DE NOVIEMBRE,2,853242.3200000001,854130.21,MUNICIPALIDAD DISTRITAL VEINTISIETE DE NOVIEMBRE,LIMA,100.1040607080999
150701,LIMA,HUAROCHIRI,MATUCANA,1,18129673.38,18136172.23,MUNICIPALIDAD PROVINCIAL DE HUAROCHIRI - MATUCANA,LIMA,100.03584648142183
150702,LIMA,HUAROCHIRI,ANTIOQUIA,2,1938423.17,1939270.15,MUNICIPALIDAD DISTRITAL DE ANTIOQUIA,LIMA,100.04369427755034
150703,LIMA,HUAROCHIRI,CALLAHUANCA,2,1970435.09,1972993.07,MUNICIPALIDAD DISTRITAL DE CALLAHUANCA,LIMA,100.12981802917446
150704,LIMA,HUAROCHIRI,CARAMPOMA,2,2174643.55,2178777.55,MUNICIPALIDAD DISTRITAL DE CARAMPOMA,LIMA,100.19010012008634
150705,LIMA,HUAROCHIRI,CHICLA,2,7469173.87,7488697.91,MUNICIPALIDAD DISTRITAL DE CHICLA,LIMA,100.26139490577958
150706,LIMA,HUAROCHIRI,CUENCA,2,1713251.67,1714039.27,MUNICIPALIDAD DISTRITAL  DE SAN JOSE DE LOS CHORRILLOS - CUENCA,LIMA,100.0459710627336
150707,LIMA,HUAROCHIRI,HUACHUPAMPA,2,2134020.7,2135253.09,MUNICIPALIDAD DISTRITAL DE HUACHUPAMPA,LIMA,100.05774967412452
150708,LIMA,HUAROCHIRI,HUANZA,2,3341461.18,3355695.35,MUNICIPALIDAD DISTRITAL DE HUANZA,LIMA,100.42598639437134
150709,LIMA,HUAROCHIRI,HUAROCHIRI,2,1195266.45,1195687.6,MUNICIPALIDAD DISTRITAL DE HUAROCHIRI,LIMA,100.03523482149107
150710,LIMA,HUAROCHIRI,LAHUAYTAMBO,2,1093168.42,1035760.33,MUNICIPALIDAD DISTRITAL DE LAHUAYTAMBO,LIMA,94.74846794421669
150711,LIMA,HUAROCHIRI,LANGA,2,1118438.39,1118925.73,MUNICIPALIDAD DISTRITAL DE LANGA,LIMA,100.04357325395458
150712,LIMA,HUAROCHIRI,SAN PEDRO DE LARAOS,2,1385575.8599999999,1387239.41,MUNICIPALIDAD DISTRITAL DE SAN PEDRO DE LARAOS,LIMA,100.1200619935743
150713,LIMA,HUAROCHIRI,MARIATANA,2,1728231.45,1730021.1099999999,MUNICIPALIDAD DISTRITAL DE MARIATANA,LIMA,100.10355441685776
150714,LIMA,HUAROCHIRI,RICARDO PALMA,2,4411185.18,4411957.83,MUNICIPALIDAD DISTRITAL DE RICARDO PALMA,LIMA,100.01751570084846
150715,LIMA,HUAROCHIRI,SAN ANDRES DE TUPICOCHA,2,1478180.1099999999,1479454.9,MUNICIPALIDAD DISTRITAL DE SAN ANDRES DE TUPICOCHA,LIMA,100.0862405055633
150716,LIMA,HUAROCHIRI,SAN ANTONIO,2,20966384.82,20984680.28,MUNICIPALIDAD DISTRITAL DE SAN ANTONIO,LIMA,100.08726091864224
150717,LIMA,HUAROCHIRI,SAN BARTOLOME,2,1316788.52,1317691.91,MUNICIPALIDAD DISTRITAL DE SAN BARTOLOME,LIMA,100.06860554950767
150718,LIMA,HUAROCHIRI,SAN DAMIAN,2,1577450.16,1580709.35,MUNICIPALIDAD DISTRITAL DE SAN DAMIAN,LIMA,100.20661128209592
150719,LIMA,HUAROCHIRI,SAN JUAN DE IRIS,2,1553859.49,1555203.95,MUNICIPALIDAD DISTRITAL DE SAN JUAN DE IRIS,LIMA,100.08652391085889
150720,LIMA,HUAROCHIRI,SAN JUAN DE TANTARANCHE,2,1028041.0599999999,1029984.53,MUNICIPALIDAD DISTRITAL DE SAN JUAN DE TANTARANCHE,LIMA,100.1890459511413
150721,LIMA,HUAROCHIRI,SAN LORENZO DE QUINTI,2,1305936.11,1306550.56,MUNICIPALIDAD DISTRITAL DE SAN LORENZO DE QUINTI,LIMA,100.04705054062713
150722,LIMA,HUAROCHIRI,SAN MATEO,2,6244499.8,6247164.7700000005,MUNICIPALIDAD DISTRITAL DE SAN MATEO,LIMA,100.0426770771936
150723,LIMA,HUAROCHIRI,SAN MATEO DE OTAO,2,3006185.25,3008135.1,MUNICIPALIDAD DISTRITAL DE SAN MATEO DE OTAO,LIMA,100.0648612722719
150724,LIMA,HUAROCHIRI,SAN PEDRO DE CASTA,2,1960512.56,1963944.47,MUNICIPALIDAD DISTRITAL DE CASTA,LIMA,100.17505167118134
150725,LIMA,HUAROCHIRI,SAN PEDRO DE HUANCAYRE,2,658064.49,658302.1,MUNICIPALIDAD DISTRITAL DE SAN PEDRO DE HUANCAYRE,LIMA,100.03610740339447
150726,LIMA,HUAROCHIRI,SANGALLAYA,2,969220.64,969840.0,MUNICIPALIDAD DISTRITAL DE SANGALLAYA,LIMA,100.06390289005815
150727,LIMA,HUAROCHIRI,SANTA CRUZ DE COCACHACRA,2,2110479.85,2112174.62,MUNICIPALIDAD DISTRITAL DE SANTA CRUZ DE COCACHACRA,LIMA,100.0803025909013
150728,LIMA,HUAROCHIRI,SANTA EULALIA,2,9183715.02,9188061.16,MUNICIPALIDAD DISTRITAL DE SANTA EULALIA,LIMA,100.04732442144095
150729,LIMA,HUAROCHIRI,SANTIAGO DE ANCHUCAYA,2,875964.1799999999,876397.98,MUNICIPALIDAD DISTRITAL DE SANTIAGO DE ANCHUCAYA,LIMA,100.04952257294357
150730,LIMA,HUAROCHIRI,SANTIAGO DE TUNA,2,838015.49,838511.45,MUNICIPALIDAD DISTRITAL DE SANTIAGO DE TUNA,LIMA,100.05918267692164
150731,LIMA,HUAROCHIRI,SANTO DOMINGO DE LOS OLLEROS,2,5407502.13,5412315.4399999995,MUNICIPALIDAD DISTRITAL DE SANTO DOMINGO DE LOS OLLEROS,LIMA,100.08901170788813
150732,LIMA,HUAROCHIRI,SURCO,2,2428744.42,2430582.1,MUNICIPALIDAD DISTRITAL DE SURCO,LIMA,100.07566378680553
150801,LIMA,HUAURA,HUACHO,1,60316568.61,60488789.53,MUNICIPALIDAD PROVINCIAL DE HUAURA,LIMA,100.28552837797118
150802,LIMA,HUAURA,AMBAR,2,4087723.52,4094750.48,MUNICIPALIDAD DISTRITAL DE AMBAR,LIMA,100.17190399413315
150803,LIMA,HUAURA,CALETA DE CARQUIN,2,3558047.52,3572158.88,MUNICIPALIDAD DISTRITAL DE CALETA DE CARQUIN,LIMA,100.39660403411364
150804,LIMA,HUAURA,CHECRAS,2,1752275.32,1755542.0,MUNICIPALIDAD DISTRITAL DE CHECRAS,LIMA,100.18642504192776
150805,LIMA,HUAURA,HUALMAY,2,9680418.89,9685294.16,MUNICIPALIDAD DISTRITAL DE HUALMAY,LIMA,100.05036218014321
150806,LIMA,HUAURA,HUAURA,2,17800639.86,17820012.86,MUNICIPALIDAD DISTRITAL DE HUAURA,LIMA,100.10883316640506
150807,LIMA,HUAURA,LEONCIO PRADO,2,3440842.12,3387987.72,MUNICIPALIDAD DISTRITAL DE LEONCIO PRADO,LIMA,98.46391092189954
150808,LIMA,HUAURA,PACCHO,2,1779195.14,1780527.27,MUNICIPALIDAD DISTRITAL DE PACCHO,LIMA,100.07487261908776
150809,LIMA,HUAURA,SANTA LEONOR,2,2260630.37,2262196.91,MUNICIPALIDAD DISTRITAL DE SANTA LEONOR,LIMA,100.06929660066453
150810,LIMA,HUAURA,SANTA MARIA,2,21017200.09,21048662.2,MUNICIPALIDAD DISTRITAL DE SANTA MARIA,LIMA,100.14969696184683
150811,LIMA,HUAURA,SAYAN,2,17344130.0,17377617.29,MUNICIPALIDAD DISTRITAL DE SAYAN,LIMA,100.19307564000039
150812,LIMA,HUAURA,VEGUETA,2,15682884.44,15726439.36,MUNICIPALIDAD DISTRITAL DE VEGUETA,LIMA,100.27772263556895
150901,LIMA,OYON,OYON,1,10242190.76,10252806.77,MUNICIPALIDAD PROVINCIAL DE OYON,LIMA,100.10364979767279
150902,LIMA,OYON,ANDAJES,2,1562895.0,1563180.75,MUNICIPALIDAD DISTRITAL DE ANDAJES,LIMA,100.01828337796205
150903,LIMA,OYON,CAUJUL,2,996434.36,998366.38,MUNICIPALIDAD DISTRITAL DE CAUJUL,LIMA,100.19389335389839
150904,LIMA,OYON,COCHAMARCA,2,1436053.83,1436783.55,MUNICIPALIDAD DISTRITAL DE COCHAMARCA,LIMA,100.05081425116215
150905,LIMA,OYON,NAVAN,2,878774.0,880027.26,MUNICIPALIDAD DISTRITAL DE NAVAN,LIMA,100.14261459715468
150906,LIMA,OYON,PACHANGARA,2,3932673.6,3935970.37,MUNICIPALIDAD DISTRITAL DE PACHANGARA,LIMA,100.08383024718857
151001,LIMA,YAUYOS,YAUYOS,1,5005330.08,5023118.26,MUNICIPALIDAD PROVINCIAL DE YAUYOS,LIMA,100.3553847541659
151002,LIMA,YAUYOS,ALIS,2,1263062.57,1264648.97,MUNICIPALIDAD DISTRITAL DE ALIS,LIMA,100.12559947841697
151003,LIMA,YAUYOS,ALLAUCA,2,1135072.26,1135298.84,MUNICIPALIDAD DISTRITAL DE AYAUCA,LIMA,100.01996172472757
151004,LIMA,YAUYOS,AYAVIRI,2,754174.14,754678.19,MUNICIPALIDAD DISTRITAL DE AYAVIRI,LIMA,100.0668346968248
151005,LIMA,YAUYOS,AZANGARO,2,778323.37,778483.07,MUNICIPALIDAD DISTRITAL DE AZANGARO,LIMA,100.02051846393871
151006,LIMA,YAUYOS,CACRA,2,789037.36,789431.65,MUNICIPALIDAD DISTRITAL DE CACRA,LIMA,100.04997101784889
151007,LIMA,YAUYOS,CARANIA,2,732763.92,733591.08,MUNICIPALIDAD DISTRITAL DE CARANIA,LIMA,100.11288219540066
151008,LIMA,YAUYOS,CATAHUASI,2,1178074.15,1178637.45,MUNICIPALIDAD DISTRITAL DE CATAHUASI,LIMA,100.04781532639521
151009,LIMA,YAUYOS,CHOCOS,2,1464323.73,1467117.4,MUNICIPALIDAD DISTRITAL DE CHOCOS,LIMA,100.19078226643231
151010,LIMA,YAUYOS,COCHAS,2,649292.37,649745.7999999999,MUNICIPALIDAD DISTRITAL DE COCHAS,LIMA,100.06983448765922
151011,LIMA,YAUYOS,COLONIA,2,1397959.7,1399736.17,MUNICIPALIDAD DISTRITAL DE COLONIA,LIMA,100.12707590926978
151012,LIMA,YAUYOS,HONGOS,2,696230.78,696347.95,MUNICIPALIDAD DISTRITAL DE HONGOS,LIMA,100.01682918988442
151013,LIMA,YAUYOS,HUAMPARA,2,632924.92,633705.72,MUNICIPALIDAD DISTRITAL DE HUAMPARA,LIMA,100.12336376327227
151014,LIMA,YAUYOS,HUANCAYA,2,821618.16,823332.66,MUNICIPALIDAD DISTRITAL DE HUANCAYA,LIMA,100.20867357654315
151015,LIMA,YAUYOS,HUANGASCAR,2,941000.1,932456.36,MUNICIPALIDAD DISTRITAL DE HUANGASCAR,LIMA,99.09205748224682
151016,LIMA,YAUYOS,HUANTAN,2,1558263.23,1559198.34,MUNICIPALIDAD DISTRITAL DE HUANTAN,LIMA,100.0600097584283
151017,LIMA,YAUYOS,HUAÑEC,2,684219.29,685083.13,MUNICIPALIDAD DISTRITAL DE HUAÑEC,LIMA,100.12625192136865
151018,LIMA,YAUYOS,LARAOS,2,1256622.12,1256971.85,MUNICIPALIDAD DISTRITAL DE LARAOS,LIMA,100.02783096003435
151019,LIMA,YAUYOS,LINCHA,2,778214.06,778735.15,MUNICIPALIDAD DISTRITAL DE LINCHA,LIMA,100.06695972570837
151020,LIMA,YAUYOS,MADEAN,2,919928.34,920661.92,MUNICIPALIDAD DISTRITAL DE MADEAN,LIMA,100.07974316782109
151021,LIMA,YAUYOS,MIRAFLORES,2,677444.27,677702.86,MUNICIPALIDAD DISTRITAL DE MIRAFLORES,LIMA,100.03817140559768
151022,LIMA,YAUYOS,OMAS,2,759949.5,760696.62,MUNICIPALIDAD DISTRITAL DE OMAS,LIMA,100.098311795718
151023,LIMA,YAUYOS,PUTINZA,2,802644.52,802997.17,MUNICIPALIDAD DISTRITAL DE PUTINZA,LIMA,100.04393601291889
151024,LIMA,YAUYOS,QUINCHES,2,841099.88,843077.32,MUNICIPALIDAD DISTRITAL DE QUINCHES,LIMA,100.23510168613981
151025,LIMA,YAUYOS,QUINOCAY,2,652814.81,653282.54,MUNICIPALIDAD DISTRITAL DE QUINOCAY,LIMA,100.07164819070204
151026,LIMA,YAUYOS,SAN JOAQUIN,2,612703.94,613232.88,MUNICIPALIDAD DISTRITAL DE SAN JOAQUIN,LIMA,100.08632880669904
151027,LIMA,YAUYOS,SAN PEDRO DE PILAS,2,612014.25,612142.44,MUNICIPALIDAD DISTRITAL DE SAN PEDRO DE PILAS,LIMA,100.02094559072765
151028,LIMA,YAUYOS,TANTA,2,1008414.52,1008616.02,MUNICIPALIDAD DISTRITAL DE TANTA,LIMA,100.0199818622207
151029,LIMA,YAUYOS,TAURIPAMPA,2,831278.84,833070.71,MUNICIPALIDAD DISTRITAL DE TAURIPAMPA,LIMA,100.2155558296179
151030,LIMA,YAUYOS,TOMAS,2,933623.43,934516.59,MUNICIPALIDAD DISTRITAL DE TOMAS,LIMA,100.09566597959093
151031,LIMA,YAUYOS,TUPE,2,1004191.98,1004547.4299999999,MUNICIPALIDAD DISTRITAL DE TUPE,LIMA,100.03539661808492
151032,LIMA,YAUYOS,VIÑAC,2,1249996.35,1250307.08,MUNICIPALIDAD DISTRITAL DE VIÑAC,LIMA,100.02485847258673
151033,LIMA,YAUYOS,VITIS,2,628752.22,629165.87,MUNICIPALIDAD DISTRITAL DE VITIS,LIMA,100.06578903212461
160101,LORETO,MAYNAS,IQUITOS,1,127434082.55,127486055.63,MUNICIPALIDAD PROVINCIAL DE MAYNAS - IQUITOS,LORETO,100.0407842854596
160102,LORETO,MAYNAS,ALTO NANAY,2,4750246.72,4734738.13,MUNICIPALIDAD DISTRITAL DE ALTO NANAY,LORETO,99.67352032611898
160103,LORETO,MAYNAS,FERNANDO LORES,2,9341246.9,9176266.290000001,MUNICIPALIDAD DISTRITAL DE FERNANDO LORES,LORETO,98.233848095804
160104,LORETO,MAYNAS,INDIANA,2,7759887.45,7740355.37,MUNICIPALIDAD DISTRITAL DE INDIANA,LORETO,99.74829428743841
160105,LORETO,MAYNAS,LAS AMAZONAS,2,6499649.96,6362518.0,MUNICIPALIDAD DISTRITAL DE LAS AMAZONAS,LORETO,97.89016391891973
160106,LORETO,MAYNAS,MAZAN,2,9324308.72,9297667.77,MUNICIPALIDAD DISTRITAL DE MAZAN,LORETO,99.71428498562196
160107,LORETO,MAYNAS,NAPO,2,13461471.41,13423216.81,MUNICIPALIDAD DISTRITAL DE NAPO,LORETO,99.71582155594386
160108,LORETO,MAYNAS,PUNCHANA,2,34211861.54,34134772.75,MUNICIPALIDAD DISTRITAL DE PUNCHANA,LORETO,99.77467233137878
160110,LORETO,MAYNAS,TORRES CAUSANA,2,5138479.92,5122830.03,MUNICIPALIDAD DISTRITAL DE TORRES CAUSANA,LORETO,99.69543736195043
160112,LORETO,MAYNAS,BELEN,2,30730547.12,30734332.4,MUNICIPALIDAD DISTRITAL DE BELEN,LORETO,100.01231764597362
160113,LORETO,MAYNAS,SAN JUAN BAUTISTA,2,60720305.91,60471011.66,MUNICIPALIDAD DISTRITAL DE SAN JUAN BAUTISTA,LORETO,99.58943841559444
160201,LORETO,ALTO AMAZONAS,YURIMAGUAS,1,71302177.21,71337213.06,MUNICIPALIDAD PROVINCIAL DEL ALTO AMAZONAS - YURIMAGUAS,LORETO,100.0491371391042
160202,LORETO,ALTO AMAZONAS,BALSAPUERTO,2,14032156.62,14034338.37,MUNICIPALIDAD DISTRITAL DE BALSAPUERTO,LORETO,100.01554821585223
160205,LORETO,ALTO AMAZONAS,JEBEROS,2,4466678.35,4453802.2700000005,MUNICIPALIDAD DISTRITAL DE JEBEROS,LORETO,99.71173030625769
160206,LORETO,ALTO AMAZONAS,LAGUNAS,2,9459332.84,9434278.65,MUNICIPALIDAD DISTRITAL DE LAGUNAS,LORETO,99.7351378746918
160210,LORETO,ALTO AMAZONAS,SANTA CRUZ,2,4451171.78,4437311.7,MUNICIPALIDAD DISTRITAL DE SANTA CRUZ,LORETO,99.68861952121739
160211,LORETO,ALTO AMAZONAS,TENIENTE CESAR LOPEZ ROJAS,2,5333625.02,5319842.68,MUNICIPALIDAD DISTRITAL DE TENIENTE CESAR LOPEZ ROJAS,LORETO,99.74159525747838
160301,LORETO,LORETO,NAUTA,1,33824727.32,33828147.86,MUNICIPALIDAD PROVINCIAL DE LORETO - NAUTA,LORETO,100.01011254271953
160302,LORETO,LORETO,PARINARI,2,6067456.04,6049869.81,MUNICIPALIDAD DISTRITAL DE PARINARI,LORETO,99.71015480155008
160303,LORETO,LORETO,TIGRE,2,7786354.16,7763574.78,MUNICIPALIDAD DISTRITAL DE TIGRE,LORETO,99.70744485118566
160304,LORETO,LORETO,TROMPETEROS,2,10042708.78,10014052.01,MUNICIPALIDAD DISTRITAL DE TROMPETEROS,LORETO,99.7146509908057
160305,LORETO,LORETO,URARINAS,2,12127675.31,12093970.77,MUNICIPALIDAD DISTRITAL DE URARINAS,LORETO,99.72208573252115
160401,LORETO,MARISCAL RAMON CASTILLA,RAMON CASTILLA,1,29011786.080000002,29044326.07,MUNICIPALIDAD PROVINCIAL DE MARISCAL RAMON CASTILLA,LORETO,100.11216127786918
160402,LORETO,MARISCAL RAMON CASTILLA,PEBAS,2,10844723.31,10816349.89,MUNICIPALIDAD DISTRITAL DE  PEVAS,LORETO,99.73836658447674
160403,LORETO,MARISCAL RAMON CASTILLA,YAVARI,2,9593321.209999999,9563487.22,MUNICIPALIDAD DISTRITAL DE YAVARI,LORETO,99.68901291485061
160404,LORETO,MARISCAL RAMON CASTILLA,SAN PABLO,2,10938074.5,10942262.52,MUNICIPALIDAD DISTRITAL DE SAN PABLO,LORETO,100.03828845744285
160501,LORETO,REQUENA,REQUENA,1,43817537.84,43820768.76,MUNICIPALIDAD PROVINCIAL DE REQUENA,LORETO,100.00737357724616
160502,LORETO,REQUENA,ALTO TAPICHE,2,3076165.72,3070197.4,MUNICIPALIDAD DISTRITAL DE ALTO TAPICHE,LORETO,99.8059818441771
160503,LORETO,REQUENA,CAPELO,2,3133893.94,3127579.73,MUNICIPALIDAD DISTRITAL DE CAPELO,LORETO,99.79851870800708
160504,LORETO,REQUENA,EMILIO SAN MARTIN,2,9846639.88,9830635.78,MUNICIPALIDAD DISTRITAL DE EMILIO SAN MARTIN,LORETO,99.83746638249147
160505,LORETO,REQUENA,MAQUIA,2,12679595.59,12658304.620000001,MUNICIPALIDAD DISTRITAL DE MAQUIA,LORETO,99.83208478654642
160506,LORETO,REQUENA,PUINAHUA,2,26368757.7,26356446.310000002,MUNICIPALIDAD DISTRITAL DE PUINAHUA,LORETO,99.95331069388985
160507,LORETO,REQUENA,SAQUENA,2,4065959.39,4056770.75,MUNICIPALIDAD DISTRITAL DE SAQUENA,LORETO,99.77401053186613
160508,LORETO,REQUENA,SOPLIN,2,1473084.19,1469650.03,MUNICIPALIDAD DISTRITAL DE SOPLIN,LORETO,99.76687279496225
160509,LORETO,REQUENA,TAPICHE,2,1713976.08,1710677.69,MUNICIPALIDAD DISTRITAL DE TAPICHE,LORETO,99.80755915800178
160510,LORETO,REQUENA,JENARO HERRERA,2,6862035.82,6852626.5200000005,MUNICIPALIDAD DISTRITAL DE JENARO HERRERA,LORETO,99.86287888540926
160511,LORETO,REQUENA,YAQUERANA,2,3857476.68,3849315.66,MUNICIPALIDAD DISTRITAL DE YAQUERANA,LORETO,99.78843631013214
160601,LORETO,UCAYALI,CONTAMANA,1,28961375.400000002,28965413.57,MUNICIPALIDAD PROVINCIAL DE UCAYALI - CONTAMANA,LORETO,100.0139432949721
160602,LORETO,UCAYALI,INAHUAYA,2,1780475.29,1775249.94,MUNICIPALIDAD DISTRITAL DE INAHUAYA,LORETO,99.70651937550899
160603,LORETO,UCAYALI,PADRE MARQUEZ,2,4465797.91,4346654.08,MUNICIPALIDAD DISTRITAL DE PADRE MARQUEZ,LORETO,97.33208191680129
160604,LORETO,UCAYALI,PAMPA HERMOSA,2,7137325.91,7123353.57,MUNICIPALIDAD DISTRITAL DE PAMPA HERMOZA,LORETO,99.80423564544778
160605,LORETO,UCAYALI,SARAYACU,2,11713056.75,11683001.98,MUNICIPALIDAD DISTRITAL DE SARAYACU,LORETO,99.74340797076732
160606,LORETO,UCAYALI,VARGAS GUERRA,2,5590289.84,5575842.26,MUNICIPALIDAD DISTRITAL DE VARGAS GUERRA,LORETO,99.74155937503234
160701,LORETO,DATEM DEL MARAÑON,BARRANCA,1,23430268.8,23436646.44,MUNICIPALIDAD PROVINCIAL DE DATEM DEL MARAÑON,LORETO,100.02721966211502
160702,LORETO,DATEM DEL MARAÑON,CAHUAPANAS,2,7804462.86,7805413.66,MUNICIPALIDAD DISTRITAL DE CAHUAPANAS,LORETO,100.01218277307555
160703,LORETO,DATEM DEL MARAÑON,MANSERICHE,2,9004655.92,8978468.81,MUNICIPALIDAD DISTRITAL DE MANSERICHE,LORETO,99.70918255808269
160704,LORETO,DATEM DEL MARAÑON,MORONA,2,5615914.71,5596027.29,MUNICIPALIDAD DISTRITAL DE MORONA,LORETO,99.64587389540323
160705,LORETO,DATEM DEL MARAÑON,PASTAZA,2,5974338.57,5955943.0,MUNICIPALIDAD DISTRITAL DE PASTAZA,LORETO,99.69209026598571
160706,LORETO,DATEM DEL MARAÑON,ANDOAS,2,13988438.37,13989899.870000001,MUNICIPALIDAD DISTRITAL DE ANDOAS,LORETO,100.0104479139225
160801,LORETO,PUTUMAYO,PUTUMAYO,1,4600460.56,4601312.2,MUNICIPALIDAD PROVINCIAL DE PUTUMAYO,LORETO,100.01851205958388
160802,LORETO,PUTUMAYO,ROSA PANDURO,2,717178.58,717373.36,MUNICIPALIDAD DISTRITAL DE ROSA PANDURO,LORETO,100.02715920489428
160803,LORETO,PUTUMAYO,TENIENTE MANUEL CLAVERO,2,2821874.58,2822377.59,MUNICIPALIDAD DISTRITAL DE TENIENTE MANUEL CLAVERO,LORETO,100.01782538471288
160804,LORETO,PUTUMAYO,YAGUAS,2,1548094.1,1548275.9,MUNICIPALIDAD DISTRITAL DE YAGUAS,LORETO,100.01174347218299
170101,MADRE DE DIOS,TAMBOPATA,TAMBOPATA,1,64644450.87,64735226.1,MUNICIPALIDAD PROVINCIAL DE TAMBOPATA,MADRE DE DIOS,100.14042230814607
170102,MADRE DE DIOS,TAMBOPATA,INAMBARI,2,8973629.72,8978437.98,MUNICIPALIDAD DISTRITAL DE INAMBARI,MADRE DE DIOS,100.05358210835558
170103,MADRE DE DIOS,TAMBOPATA,LAS PIEDRAS,2,8233109.63,8237142.81,MUNICIPALIDAD DISTRITAL DE LAS PIEDRAS,MADRE DE DIOS,100.04898732291022
170104,MADRE DE DIOS,TAMBOPATA,LABERINTO,2,5143635.33,5145222.67,MUNICIPALIDAD DISTRITAL DE LABERINTO,MADRE DE DIOS,100.03086027484767
170201,MADRE DE DIOS,MANU,MANU,1,5477406.12,5483923.06,MUNICIPALIDAD PROVINCIAL DE MANU,MADRE DE DIOS,100.11897857959087
170202,MADRE DE DIOS,MANU,FITZCARRALD,2,1459748.54,1461349.58,MUNICIPALIDAD DISTRITAL DE FITZCARRALD,MADRE DE DIOS,100.10967916433059
170203,MADRE DE DIOS,MANU,MADRE DE DIOS,2,6802917.67,6813238.8,MUNICIPALIDAD DISTRITAL DE MADRE DE DIOS,MADRE DE DIOS,100.15171622678186
170204,MADRE DE DIOS,MANU,HUEPETUHE,2,7145510.5200000005,7153936.28,MUNICIPALIDAD DISTRITAL DE HUEPETUHE,MADRE DE DIOS,100.11791683710234
170301,MADRE DE DIOS,TAHUAMANU,IÑAPARI,1,3911147.14,3913245.45,MUNICIPALIDAD PROVINCIAL DE TAHUAMANU - IÑAPARI,MADRE DE DIOS,100.05364947737557
170302,MADRE DE DIOS,TAHUAMANU,IBERIA,2,2934847.89,2939063.24,MUNICIPALIDAD DISTRITAL DE IBERIA,MADRE DE DIOS,100.14363095322122
170303,MADRE DE DIOS,TAHUAMANU,TAHUAMANU,2,1978673.86,1979284.33,MUNICIPALIDAD DISTRITAL DE TAHUAMANU,MADRE DE DIOS,100.03085248217712
180101,MOQUEGUA,MARISCAL NIETO,MOQUEGUA,1,207853482.98,208022041.0,MUNICIPALIDAD PROVINCIAL DE MARISCAL NIETO - MOQUEGUA,MOQUEGUA,100.08109463338472
180102,MOQUEGUA,MARISCAL NIETO,CARUMAS,2,17440806.95,17476220.44,MUNICIPALIDAD DISTRITAL DE CARUMAS,MOQUEGUA,100.20304960717431
180103,MOQUEGUA,MARISCAL NIETO,CUCHUMBAYA,2,5011652.58,5015900.95,MUNICIPALIDAD DISTRITAL DE CUCHUMBAYA,MOQUEGUA,100.08476984252567
180104,MOQUEGUA,MARISCAL NIETO,SAMEGUA,2,38487704.9,38584537.72,MUNICIPALIDAD DISTRITAL DE SAMEGUA,MOQUEGUA,100.25159416559546
180105,MOQUEGUA,MARISCAL NIETO,SAN CRISTOBAL,2,9605854.54,9629200.02,MUNICIPALIDAD DISTRITAL DE SAN CRISTOBAL,MOQUEGUA,100.24303386963426
180106,MOQUEGUA,MARISCAL NIETO,TORATA,2,172018210.06,172344925.29,MUNICIPALIDAD DISTRITAL DE TORATA,MOQUEGUA,100.18993060669916
180107,MOQUEGUA,MARISCAL NIETO,SAN ANTONIO,2,197187342.35999998,197709156.45,MUNICIPALIDAD DISTRITAL DE SAN ANTONIO,MOQUEGUA,100.26462859317174
180201,MOQUEGUA,GENERAL SANCHEZ CERRO,OMATE,1,9255792.98,9277045.05,MUNICIPALIDAD PROVINCIAL DE SANCHEZ CERRO - OMATE,MOQUEGUA,100.22960831174511
180202,MOQUEGUA,GENERAL SANCHEZ CERRO,CHOJATA,2,1688905.73,1690536.52,MUNICIPALIDAD DISTRITAL DE CHOJATA,MOQUEGUA,100.09655897135242
180203,MOQUEGUA,GENERAL SANCHEZ CERRO,COALAQUE,2,2259479.7,2262655.36,MUNICIPALIDAD DISTRITAL DE COALAQUE,MOQUEGUA,100.14054828640415
180204,MOQUEGUA,GENERAL SANCHEZ CERRO,ICHUÑA,2,13622536.85,13637491.3,MUNICIPALIDAD DISTRITAL DE ICHUÑA,MOQUEGUA,100.10977727691007
180205,MOQUEGUA,GENERAL SANCHEZ CERRO,LA CAPILLA,2,5471211.5600000005,5476092.92,MUNICIPALIDAD DISTRITAL DE LA CAPILLA,MOQUEGUA,100.08921899558202
180206,MOQUEGUA,GENERAL SANCHEZ CERRO,LLOQUE,2,1774381.29,1778126.8800000001,MUNICIPALIDAD DISTRITAL DE LLOQUE,MOQUEGUA,100.2110927353162
180207,MOQUEGUA,GENERAL SANCHEZ CERRO,MATALAQUE,2,1356524.56,1358629.21,MUNICIPALIDAD DISTRITAL DE MATALAQUE,MOQUEGUA,100.15515015813646
180208,MOQUEGUA,GENERAL SANCHEZ CERRO,PUQUINA,2,6758701.11,6766461.04,MUNICIPALIDAD DISTRITAL DE PUQUINA,MOQUEGUA,100.11481392465363
180209,MOQUEGUA,GENERAL SANCHEZ CERRO,QUINISTAQUILLAS,2,1363754.82,1365363.6,MUNICIPALIDAD DISTRITAL DE QUINISTAQUILLAS,MOQUEGUA,100.11796695244676
180210,MOQUEGUA,GENERAL SANCHEZ CERRO,UBINAS,2,3685387.7399999998,3688053.1799999997,MUNICIPALIDAD DISTRITAL DE UBINAS,MOQUEGUA,100.07232454732159
180211,MOQUEGUA,GENERAL SANCHEZ CERRO,YUNGA,2,2498021.6,2501130.16,MUNICIPALIDAD DISTRITAL DE YUNGA,MOQUEGUA,100.12444087753283
180301,MOQUEGUA,ILO,ILO,1,164198981.69,164353299.75,MUNICIPALIDAD PROVINCIAL DE ILO,MOQUEGUA,100.09398234898396
180302,MOQUEGUA,ILO,EL ALGARROBAL,2,71864217.85,72053497.73,MUNICIPALIDAD DISTRITAL DE EL ALGARROBAL,MOQUEGUA,100.26338543111272
180303,MOQUEGUA,ILO,PACOCHA,2,10484377.12,10495511.17,MUNICIPALIDAD DISTRITAL DE PACOCHA,MOQUEGUA,100.1061965806129
190101,PASCO,PASCO,CHAUPIMARCA,1,29436077.31,29481473.97,MUNICIPALIDAD PROVINCIAL DE PASCO - CHAUPIMARCA,PASCO,100.15422116038735
190102,PASCO,PASCO,HUACHON,2,4375491.11,4385717.18,MUNICIPALIDAD DISTRITAL DE HUACHON,PASCO,100.23371250776006
190103,PASCO,PASCO,HUARIACA,2,5077502.72,5086547.82,MUNICIPALIDAD DISTRITAL DE HUARIACA,PASCO,100.17814072190197
190104,PASCO,PASCO,HUAYLLAY,2,12581380.39,12622772.7,MUNICIPALIDAD DISTRITAL DE HUAYLLAY,PASCO,100.32899657046296
190105,PASCO,PASCO,NINACACA,2,3605822.84,3619038.5100000002,MUNICIPALIDAD DISTRITAL DE NINACACA,PASCO,100.36650913221239
190106,PASCO,PASCO,PALLANCHACRA,2,1764737.9,1765962.35,MUNICIPALIDAD DISTRITAL DE PALLANCHACRA,PASCO,100.0693842411386
190107,PASCO,PASCO,PAUCARTAMBO,2,9069525.959999999,9083806.33,MUNICIPALIDAD DISTRITAL DE PAUCARTAMBO,PASCO,100.15745442554531
190108,PASCO,PASCO,SAN FRANCISCO DE ASIS DE YARUSYACAN,2,7131868.08,7146416.4799999995,MUNICIPALIDAD DISTRITAL DE SAN FRANCISCO DE ASIS DE YARUSYACAN,PASCO,100.20399143445738
190109,PASCO,PASCO,SIMON BOLIVAR,2,10827994.61,10864483.17,MUNICIPALIDAD DISTRITAL DE SIMON BOLIVAR,PASCO,100.33698354417633
190110,PASCO,PASCO,TICLACAYAN,2,5877564.83,5889004.09,MUNICIPALIDAD DISTRITAL DE TICLACAYAN,PASCO,100.19462584132823
190111,PASCO,PASCO,TINYAHUARCO,2,6172322.09,6177873.99,MUNICIPALIDAD DISTRITAL DE TINYAHUARCO,PASCO,100.08994831959588
190112,PASCO,PASCO,VICCO,2,3335674.46,3349287.52,MUNICIPALIDAD DISTRITAL DE VICCO,PASCO,100.40810517222955
190113,PASCO,PASCO,YANACANCHA,2,16650059.22,16678277.63,MUNICIPALIDAD DISTRITAL DE YANACANCHA,PASCO,100.16947933714316
190201,PASCO,DANIEL ALCIDES CARRION,YANAHUANCA,1,16974475.78,17001059.37,MUNICIPALIDAD PROVINCIAL DE DANIEL A. CARRION - YANAHUANCA,PASCO,100.15660919573918
190202,PASCO,DANIEL ALCIDES CARRION,CHACAYAN,2,1777472.6099999999,1779543.71,MUNICIPALIDAD DISTRITAL DE CHACAYAN,PASCO,100.11651937635203
190203,PASCO,DANIEL ALCIDES CARRION,GOYLLARISQUIZGA,2,1439783.2,1441404.72,MUNICIPALIDAD DISTRITAL DE GOYLLARISQUIZGA,PASCO,100.11262251150035
190204,PASCO,DANIEL ALCIDES CARRION,PAUCAR,2,1442163.14,1443673.7,MUNICIPALIDAD DISTRITAL DE PAUCAR,PASCO,100.1047426576164
190205,PASCO,DANIEL ALCIDES CARRION,SAN PEDRO DE PILLAO,2,1137511.11,1138233.6,MUNICIPALIDAD DISTRITAL DE SAN PEDRO DE PILLAO,PASCO,100.06351498404267
190206,PASCO,DANIEL ALCIDES CARRION,SANTA ANA DE TUSI,2,21212537.37,21277082.81,MUNICIPALIDAD DISTRITAL DE SANTA ANA DE TUSI,PASCO,100.30427967609043
190207,PASCO,DANIEL ALCIDES CARRION,TAPUC,2,1457931.15,1459652.76,MUNICIPALIDAD DISTRITAL DE TAPUC,PASCO,100.11808582318857
190208,PASCO,DANIEL ALCIDES CARRION,VILCABAMBA,2,1590242.87,1592984.76,MUNICIPALIDAD DISTRITAL DE VILCABAMBA,PASCO,100.17241957513068
190301,PASCO,OXAPAMPA,OXAPAMPA,1,31607375.53,31648359.14,MUNICIPALIDAD PROVINCIAL DE OXAPAMPA,PASCO,100.12966470424315
190302,PASCO,OXAPAMPA,CHONTABAMBA,2,4701607.59,4703426.49,MUNICIPALIDAD DISTRITAL DE CHONTABAMBA,PASCO,100.03868676756156
190303,PASCO,OXAPAMPA,HUANCABAMBA,2,6014583.73,6025160.8,MUNICIPALIDAD DISTRITAL DE HUANCABAMBA,PASCO,100.17585705802452
190304,PASCO,OXAPAMPA,PALCAZU,2,7339819.4,7347394.78,MUNICIPALIDAD DISTRITAL DE PALCAZU,PASCO,100.10320935144534
190305,PASCO,OXAPAMPA,POZUZO,2,5175247.48,5147383.77,MUNICIPALIDAD DISTRITAL DE POZUZO,PASCO,99.46159656890454
190306,PASCO,OXAPAMPA,PUERTO BERMUDEZ,2,19648780.89,19696563.77,MUNICIPALIDAD DISTRITAL DE PUERTO BERMUDEZ,PASCO,100.2431849602655
190307,PASCO,OXAPAMPA,VILLA RICA,2,14107622.41,14113459.24,MUNICIPALIDAD DISTRITAL DE VILLA RICA,PASCO,100.04137359103021
190308,PASCO,OXAPAMPA,CONSTITUCIÓN,2,14136193.05,14145974.68,MUNICIPALIDAD DISTRITAL DE CONSTITUCION,PASCO,100.06919564528725
200101,PIURA,PIURA,PIURA,1,201138104.59,201300590.02,MUNICIPALIDAD PROVINCIAL DE PIURA,PIURA,100.0807830173856
200104,PIURA,PIURA,CASTILLA,2,75058167.95,75206270.64,MUNICIPALIDAD DISTRITAL DE CASTILLA,PIURA,100.19731721949123
200105,PIURA,PIURA,CATACAOS,2,43440514.47,42955450.92,MUNICIPALIDAD DISTRITAL DE CATACAOS,PIURA,98.8833844259948
200107,PIURA,PIURA,CURA MORI,2,9443064.63,9450312.83,MUNICIPALIDAD DISTRITAL DE CURA MORI,PIURA,100.0767568610827
200108,PIURA,PIURA,EL TALLAN,2,4593518.99,4596362.3,MUNICIPALIDAD DISTRITAL DE EL TALLAN,PIURA,100.06189829640826
200109,PIURA,PIURA,LA ARENA,2,16436188.85,16457168.64,MUNICIPALIDAD DISTRITAL DE LA ARENA,PIURA,100.12764388503604
200110,PIURA,PIURA,LA UNION,2,20506423.36,20521886.01,MUNICIPALIDAD DISTRITAL DE LA UNION,PIURA,100.07540393431145
200111,PIURA,PIURA,LAS LOMAS,2,15287779.09,15290324.49,MUNICIPALIDAD DISTRITAL DE LAS LOMAS,PIURA,100.01664990045326
200114,PIURA,PIURA,TAMBO GRANDE,2,68145300.53,68103539.42,MUNICIPALIDAD DISTRITAL DE TAMBO GRANDE,PIURA,99.93871754959594
200115,PIURA,PIURA,VEINTISÉIS DE OCTUBRE,2,70193968.3,70361258.29,MUNICIPALIDAD DISTRITAL VEINTISEIS DE OCTUBRE,PIURA,100.23832530636399
200201,PIURA,AYABACA,AYABACA,1,48387193.22,48476820.15,MUNICIPALIDAD PROVINCIAL DE AYABACA,PIURA,100.18522861946651
200202,PIURA,AYABACA,FRIAS,2,18368744.44,18384330.14,MUNICIPALIDAD DISTRITAL DE FRIAS,PIURA,100.08484902194
200203,PIURA,AYABACA,JILILI,2,2532704.4,2533599.11,MUNICIPALIDAD DISTRITAL DE JILILI,PIURA,100.0353262702114
200204,PIURA,AYABACA,LAGUNAS,2,6223440.48,6232620.53,MUNICIPALIDAD DISTRITAL DE LAGUNAS,PIURA,100.14750763712614
200205,PIURA,AYABACA,MONTERO,2,5958542.7,5769544.18,MUNICIPALIDAD DISTRITAL DE MONTERO,PIURA,96.82810832252657
200206,PIURA,AYABACA,PACAIPAMPA,2,21966566.75,21981887.5,MUNICIPALIDAD DISTRITAL DE PACAIPAMPA,PIURA,100.06974576489064
200207,PIURA,AYABACA,PAIMAS,2,8750555.44,8759456.82,MUNICIPALIDAD DISTRITAL DE PAIMAS,PIURA,100.101723599845
200208,PIURA,AYABACA,SAPILLICA,2,11618139.6,11478193.61,MUNICIPALIDAD DISTRITAL DE SAPILLICA,PIURA,98.79545267299078
200209,PIURA,AYABACA,SICCHEZ,2,1570779.04,1571447.39,MUNICIPALIDAD DISTRITAL DE SICCHEZ,PIURA,100.0425489507423
200210,PIURA,AYABACA,SUYO,2,15370438.69,15379156.36,MUNICIPALIDAD DISTRITAL DE SUYO,PIURA,100.0567171189829
200301,PIURA,HUANCABAMBA,HUANCABAMBA,1,45083282.18,45135142.92,MUNICIPALIDAD PROVINCIAL DE HUANCABAMBA,PIURA,100.11503319521623
200302,PIURA,HUANCABAMBA,CANCHAQUE,2,5943083.7,5944801.1899999995,MUNICIPALIDAD DISTRITAL DE CANCHAQUE,PIURA,100.0288989704116
200303,PIURA,HUANCABAMBA,EL CARMEN DE LA FRONTERA,2,12869155.04,12878933.45,MUNICIPALIDAD DISTRITAL DE EL CARMEN DE LA FRONTERA,PIURA,100.07598331024538
200304,PIURA,HUANCABAMBA,HUARMACA,2,34327137.06,34373721.78,MUNICIPALIDAD DISTRITAL DE HUARMACA,PIURA,100.13570814227407
200305,PIURA,HUANCABAMBA,LALAQUIZ,2,4744041.75,4591084.44,MUNICIPALIDAD DISTRITAL DE LALAQUIZ,PIURA,96.77580177282378
200306,PIURA,HUANCABAMBA,SAN MIGUEL DE EL FAIQUE,2,7764444.2700000005,7744914.7,MUNICIPALIDAD DISTRITAL DE SAN MIGUEL DE EL FAIQUE,PIURA,99.74847433607762
200307,PIURA,HUANCABAMBA,SONDOR,2,7423963.21,7425913.91,MUNICIPALIDAD DISTRITAL DE SONDOR,PIURA,100.02627572288306
200308,PIURA,HUANCABAMBA,SONDORILLO,2,10485161.41,10497830.25,MUNICIPALIDAD DISTRITAL DE SONDORILLO,PIURA,100.1208263707597
200401,PIURA,MORROPON,CHULUCANAS,1,65586616.88,65686914.62,MUNICIPALIDAD PROVINCIAL DE MORROPON - CHULUCANAS,PIURA,100.15292409453518
200402,PIURA,MORROPON,BUENOS AIRES,2,5520800.7700000005,5522471.75,MUNICIPALIDAD DISTRITAL DE BUENOS AIRES,PIURA,100.03026698606983
200403,PIURA,MORROPON,CHALACO,2,5769479.21,5783396.47,MUNICIPALIDAD DISTRITAL DE CHALACO,PIURA,100.24122211890248
200404,PIURA,MORROPON,LA MATANZA,2,11026707.11,10713515.22,MUNICIPALIDAD DISTRITAL DE LA MATANZA,PIURA,97.159697025815
200405,PIURA,MORROPON,MORROPON,2,9473936.040000001,9022347.12,MUNICIPALIDAD DISTRITAL DE MORROPON,PIURA,95.23335477363005
200406,PIURA,MORROPON,SALITRAL,2,6825617.45,6833613.39,MUNICIPALIDAD DISTRITAL DE SALITRAL,PIURA,100.11714603196813
200407,PIURA,MORROPON,SAN JUAN DE BIGOTE,2,4124260.8000000003,4129441.71,MUNICIPALIDAD DISTRITAL DE SAN JUAN DE BIGOTE,PIURA,100.12562032934483
200408,PIURA,MORROPON,SANTA CATALINA DE MOSSA,2,2967129.77,2885110.16,MUNICIPALIDAD DISTRITAL DE SANTA CATALINA DE MOSSA,PIURA,97.23572555439664
200409,PIURA,MORROPON,SANTO DOMINGO,2,4110129.84,4114165.32,MUNICIPALIDAD DISTRITAL DE SANTO DOMINGO,PIURA,100.09818375956708
200410,PIURA,MORROPON,YAMANGO,2,7218915.85,7179605.2,MUNICIPALIDAD DISTRITAL DE YAMANGO,PIURA,99.45544939410813
200501,PIURA,PAITA,PAITA,1,91604150.96,91838102.83,MUNICIPALIDAD PROVINCIAL DE PAITA,PIURA,100.25539439812303
200502,PIURA,PAITA,AMOTAPE,2,3074614.11,3081331.49,MUNICIPALIDAD DISTRITAL DE AMOTAPE,PIURA,100.21847879960455
200503,PIURA,PAITA,ARENAL,2,2440120.31,2442512.74,MUNICIPALIDAD DISTRITAL DE  EL ARENAL,PIURA,100.09804557546592
200504,PIURA,PAITA,COLAN,2,15051611.98,15082970.51,MUNICIPALIDAD DISTRITAL DE COLAN,PIURA,100.20834001063585
200505,PIURA,PAITA,LA HUACA,2,11637095.17,11654489.74,MUNICIPALIDAD DISTRITAL DE LA HUACA,PIURA,100.14947518900458
200506,PIURA,PAITA,TAMARINDO,2,5037664.23,5044891.66,MUNICIPALIDAD DISTRITAL DE TAMARINDO,PIURA,100.14346787856482
200507,PIURA,PAITA,VICHAYAL,2,9179287.91,9200050.77,MUNICIPALIDAD DISTRITAL DE VICHAYAL,PIURA,100.22619249122125
200601,PIURA,SULLANA,SULLANA,1,102941538.11,100845259.39,MUNICIPALIDAD PROVINCIAL DE SULLANA,PIURA,97.96362211164944
200602,PIURA,SULLANA,BELLAVISTA,2,12046669.53,12050776.73,MUNICIPALIDAD DISTRITAL DE BELLAVISTA,PIURA,100.03409407047958
200603,PIURA,SULLANA,IGNACIO ESCUDERO,2,9314485.76,9324093.43,MUNICIPALIDAD DISTRITAL DE IGNACIO ESCUDERO,PIURA,100.10314761595599
200604,PIURA,SULLANA,LANCONES,2,10285295.76,10309988.76,MUNICIPALIDAD DISTRITAL DE LANCONES,PIURA,100.24008060221304
200605,PIURA,SULLANA,MARCAVELICA,2,14261067.28,14276061.5,MUNICIPALIDAD DISTRITAL DE MARCAVELICA,PIURA,100.10514093865211
200606,PIURA,SULLANA,MIGUEL CHECA,2,6909746.03,6914616.41,MUNICIPALIDAD DISTRITAL DE MIGUEL CHECA,PIURA,100.07048565864584
200607,PIURA,SULLANA,QUERECOTILLO,2,10655943.72,10663546.52,MUNICIPALIDAD DISTRITAL DE QUERECOTILLO,PIURA,100.07134797442417
200608,PIURA,SULLANA,SALITRAL,2,3275339.69,3277501.2,MUNICIPALIDAD DISTRITAL DE SALITRAL,PIURA,100.06599346036074
200701,PIURA,TALARA,PARIÑAS,1,94882446.7,95159469.82,MUNICIPALIDAD PROVINCIAL DE TALARA - PARIÑAS,PIURA,100.29196456208163
200702,PIURA,TALARA,EL ALTO,2,26280372.06,26303234.76,MUNICIPALIDAD DISTRITAL DE EL ALTO,PIURA,100.08699534370291
200703,PIURA,TALARA,LA BREA,2,14547939.94,14578117.0,MUNICIPALIDAD DISTRITAL DE LA BREA,PIURA,100.20743184343941
200704,PIURA,TALARA,LOBITOS,2,9924396.56,9970235.02,MUNICIPALIDAD DISTRITAL DE LOBITOS,PIURA,100.46187654557004
200705,PIURA,TALARA,LOS ORGANOS,2,13978154.04,13991036.44,MUNICIPALIDAD DISTRITAL DE LOS ORGANOS,PIURA,100.09216095317834
200706,PIURA,TALARA,MANCORA,2,13213485.92,12518904.07,MUNICIPALIDAD DISTRITAL DE MANCORA,PIURA,94.74338676254479
200801,PIURA,SECHURA,SECHURA,1,103131224.53,103376254.08999999,MUNICIPALIDAD PROVINCIAL DE SECHURA,PIURA,100.23759008109974
200802,PIURA,SECHURA,BELLAVISTA DE LA UNION,2,5240294.31,5253648.54,MUNICIPALIDAD DISTRITAL DE BELLAVISTA DE LA UNION,PIURA,100.25483740435183
200803,PIURA,SECHURA,BERNAL,2,10051792.56,10084715.879999999,MUNICIPALIDAD DISTRITAL DE BERNAL,PIURA,100.32753680304758
200804,PIURA,SECHURA,CRISTO NOS VALGA,2,7753222.3100000005,7784209.05,MUNICIPALIDAD DISTRITAL DE CRISTO NOS VALGA,PIURA,100.3996627306821
200805,PIURA,SECHURA,VICE,2,20617725.67,20661830.650000002,MUNICIPALIDAD DISTRITAL DE VICE,PIURA,100.213917774957
200806,PIURA,SECHURA,RINCONADA LLICUAR,2,3613970.21,3620400.25,MUNICIPALIDAD DISTRITAL DE RINCONADA LLICUAR,PIURA,100.17792177650519
210101,PUNO,PUNO,PUNO,1,89198811.16,89276496.62,MUNICIPALIDAD PROVINCIAL DE PUNO,PUNO,100.08709248362139
210102,PUNO,PUNO,ACORA,2,19396061.28,19406215.61,MUNICIPALIDAD DISTRITAL DE ACORA,PUNO,100.0523525361846
210103,PUNO,PUNO,AMANTANI,2,2118708.09,2121954.18,MUNICIPALIDAD DISTRITAL DE AMANTANI,PUNO,100.15321081820197
210104,PUNO,PUNO,ATUNCOLLA,2,3209680.93,3211421.54,MUNICIPALIDAD DISTRITAL DE ATUNCOLLA,PUNO,100.05423000098642
210105,PUNO,PUNO,CAPACHICA,2,5146190.69,5150398.5,MUNICIPALIDAD DISTRITAL DE CAPACHICA,PUNO,100.08176552820275
210106,PUNO,PUNO,CHUCUITO,2,3954366.82,3956304.56,MUNICIPALIDAD DISTRITAL DE CHUCUITO,PUNO,100.04900253537936
210107,PUNO,PUNO,COATA,2,3785504.1799999997,3790276.92,MUNICIPALIDAD DISTRITAL DE COATA,PUNO,100.12607937471621
210108,PUNO,PUNO,HUATA,2,3614518.84,3622057.08,MUNICIPALIDAD DISTRITAL HUATA,PUNO,100.20855445312883
210109,PUNO,PUNO,MAÑAZO,2,2786144.73,2786940.86,MUNICIPALIDAD DISTRITAL DE MAÑAZO,PUNO,100.0285746103362
210110,PUNO,PUNO,PAUCARCOLLA,2,2969247.61,2970474.15,MUNICIPALIDAD DISTRITAL DE PAUCARCOLLA,PUNO,100.04130810767917
210111,PUNO,PUNO,PICHACANI,2,6971506.86,6975832.01,MUNICIPALIDAD DISTRITAL DE PICHACANI,PUNO,100.06204038935708
210112,PUNO,PUNO,PLATERIA,2,6123902.71,6127240.9399999995,MUNICIPALIDAD DISTRITAL DE PLATERIA,PUNO,100.05451147998399
210113,PUNO,PUNO,SAN ANTONIO,2,2646096.5,2648623.22,MUNICIPALIDAD DISTRITAL DE SAN ANTONIO,PUNO,100.09548858100982
210114,PUNO,PUNO,TIQUILLACA,2,1742635.75,1744270.0,MUNICIPALIDAD DISTRITAL DE TIQUILLACA,PUNO,100.0937803554185
210115,PUNO,PUNO,VILQUE,2,2540085.1999999997,2459454.89,MUNICIPALIDAD DISTRITAL DE VILQUE,PUNO,96.82568482348546
210201,PUNO,AZANGARO,AZANGARO,1,35801501.86,35845291.33,MUNICIPALIDAD PROVINCIAL DE AZANGARO,PUNO,100.12231182415542
210202,PUNO,AZANGARO,ACHAYA,2,3121338.97,3128019.02,MUNICIPALIDAD DISTRITAL DE ACHAYA,PUNO,100.21401232176972
210203,PUNO,AZANGARO,ARAPA,2,6216702.3,6220415.72,MUNICIPALIDAD DISTRITAL DE ARAPA,PUNO,100.0597329552036
210204,PUNO,AZANGARO,ASILLO,2,11410092.57,11416707.64,MUNICIPALIDAD DISTRITAL DE ASILLO,PUNO,100.05797560326016
210205,PUNO,AZANGARO,CAMINACA,2,3262436.93,3219811.25,MUNICIPALIDAD DISTRITAL DE CAMINACA,PUNO,98.69344048897827
210206,PUNO,AZANGARO,CHUPA,2,5004351.41,5008923.35,MUNICIPALIDAD DISTRITAL DE CHUPA,PUNO,100.09135929165292
210207,PUNO,AZANGARO,JOSE DOMINGO CHOQUEHUANCA,2,2811151.2399999998,2813163.1999999997,MUNICIPALIDAD DISTRITAL DE JOSE DOMINGO CHOQUEHUANCA,PUNO,100.07157067792625
210208,PUNO,AZANGARO,MUÑANI,2,6475010.65,6492757.65,MUNICIPALIDAD DISTRITAL DE MUÑANI,PUNO,100.27408449127415
210209,PUNO,AZANGARO,POTONI,2,7602387.45,7628999.91,MUNICIPALIDAD DISTRITAL DE POTONI,PUNO,100.35005398205533
210210,PUNO,AZANGARO,SAMAN,2,7526376.43,7528727.9399999995,MUNICIPALIDAD DISTRITAL DE SAMAN,PUNO,100.03124358742711
210211,PUNO,AZANGARO,SAN ANTON,2,8525533.77,8533573.25,MUNICIPALIDAD DISTRITAL DE SAN ANTON,PUNO,100.0942988464639
210212,PUNO,AZANGARO,SAN JOSE,2,3879852.04,3881375.11,MUNICIPALIDAD DISTRITAL DE SAN JOSE,PUNO,100.03925587842778
210213,PUNO,AZANGARO,SAN JUAN DE SALINAS,2,2624984.48,2625691.48,MUNICIPALIDAD DISTRITAL DE SAN JUAN DE SALINAS,PUNO,100.0269334925744
210214,PUNO,AZANGARO,SANTIAGO DE PUPUJA,2,5132799.97,5058263.99,MUNICIPALIDAD DISTRITAL DE SANTIAGO DE PUPUJA,PUNO,98.54784950834545
210215,PUNO,AZANGARO,TIRAPATA,2,2747057.54,2750664.93,MUNICIPALIDAD DISTRITAL DE TIRAPATA,PUNO,100.1313183268815
210301,PUNO,CARABAYA,MACUSANI,1,28584984.03,28616481.32,MUNICIPALIDAD PROVINCIAL DE CARABAYA - MACUSANI,PUNO,100.11018823717706
210302,PUNO,CARABAYA,AJOYANI,2,10405665.11,10421579.16,MUNICIPALIDAD DISTRITAL DE AJOYANI,PUNO,100.15293640369713
210303,PUNO,CARABAYA,AYAPATA,2,11605720.06,11632487.1,MUNICIPALIDAD DISTRITAL DE AYAPATA,PUNO,100.23063661592403
210304,PUNO,CARABAYA,COASA,2,7584536.52,7587874.57,MUNICIPALIDAD DISTRITAL DE COASA,PUNO,100.04401125884486
210305,PUNO,CARABAYA,CORANI,2,6220540.84,6229449.92,MUNICIPALIDAD DISTRITAL DE CORANI,PUNO,100.14322034416544
210306,PUNO,CARABAYA,CRUCERO,2,7261737.24,7275367.08,MUNICIPALIDAD DISTRITAL DE CRUCERO,PUNO,100.18769392983434
210307,PUNO,CARABAYA,ITUATA,2,11028164.29,11043650.94,MUNICIPALIDAD DISTRITAL DE ITUATA,PUNO,100.14042817637423
210308,PUNO,CARABAYA,OLLACHEA,2,9327598.8,9332429.51,MUNICIPALIDAD DISTRITAL DE OLLACHEA,PUNO,100.05178942730683
210309,PUNO,CARABAYA,SAN GABAN,2,14432250.5,14447362.9,MUNICIPALIDAD DISTRITAL DE SAN GABAN,PUNO,100.10471270575576
210310,PUNO,CARABAYA,USICAYOS,2,11847578.57,11870348.44,MUNICIPALIDAD DISTRITAL DE USICAYOS,PUNO,100.19219007382367
210401,PUNO,CHUCUITO,JULI,1,31862759.12,31934561.11,MUNICIPALIDAD PROVINCIAL DE CHUCUITO - JULI,PUNO,100.22534768483037
210402,PUNO,CHUCUITO,DESAGUADERO,2,11665496.46,11680243.14,MUNICIPALIDAD DISTRITAL DE DESAGUADERO,PUNO,100.12641279392236
210403,PUNO,CHUCUITO,HUACULLANI,2,9592477.62,9600710.709999999,MUNICIPALIDAD DISTRITAL DE HUACULLANI,PUNO,100.0858286078545
210404,PUNO,CHUCUITO,KELLUYO,2,8237000.26,8248844.350000001,MUNICIPALIDAD DISTRITAL DE KELLUYO,PUNO,100.14379130297611
210405,PUNO,CHUCUITO,PISACOMA,2,8484816.459999999,8500781.34,MUNICIPALIDAD DISTRITAL DE PISACOMA,PUNO,100.18815822446206
210406,PUNO,CHUCUITO,POMATA,2,11027735.290000001,11042308.290000001,MUNICIPALIDAD DISTRITAL DE POMATA,PUNO,100.1321486199729
210407,PUNO,CHUCUITO,ZEPITA,2,13779609.64,13800077.96,MUNICIPALIDAD DISTRITAL DE ZEPITA,PUNO,100.14854063746903
210501,PUNO,EL COLLAO,ILAVE,1,43926083.46,43955871.28,MUNICIPALIDAD PROVINCIAL EL COLLAO - ILAVE,PUNO,100.06781351227711
210502,PUNO,EL COLLAO,CAPAZO,2,1879736.93,1882872.45,MUNICIPALIDAD DISTRITAL DE CAPASO,PUNO,100.16680632007373
210503,PUNO,EL COLLAO,PILCUYO,2,6796629.73,6801286.62,MUNICIPALIDAD DISTRITAL DE PILCUYO,PUNO,100.06851763572531
210504,PUNO,EL COLLAO,SANTA ROSA,2,4590267.29,4601389.5600000005,MUNICIPALIDAD DISTRITAL DE SANTA ROSA,PUNO,100.24230114059438
210505,PUNO,EL COLLAO,CONDURIRI,2,2823915.92,2827228.3,MUNICIPALIDAD DISTRITAL DE CONDURIRI,PUNO,100.11729740168751
210601,PUNO,HUANCANE,HUANCANE,1,19662437.83,19683514.65,MUNICIPALIDAD PROVINCIAL DE HUANCANE,PUNO,100.10719332049376
210602,PUNO,HUANCANE,COJATA,2,3253910.86,3258827.83,MUNICIPALIDAD DISTRITAL DE COJATA,PUNO,100.15110954821915
210603,PUNO,HUANCANE,HUATASANI,2,2180119.23,2180565.93,MUNICIPALIDAD DISTRITAL DE HUATASANI,PUNO,100.0204897050516
210604,PUNO,HUANCANE,INCHUPALLA,2,2029997.83,2031868.61,MUNICIPALIDAD DISTRITAL DE INCHUPALLA,PUNO,100.09215674875868
210605,PUNO,HUANCANE,PUSI,2,3377439.61,3380297.39,MUNICIPALIDAD DISTRITAL DE PUSI,PUNO,100.08461380009693
210606,PUNO,HUANCANE,ROSASPATA,2,2925270.87,2928741.68,MUNICIPALIDAD DISTRITAL DE ROSASPATA,PUNO,100.11864918341732
210607,PUNO,HUANCANE,TARACO,2,7389858.37,7391808.62,MUNICIPALIDAD DISTRITAL DE TARACO,PUNO,100.02639089820607
210608,PUNO,HUANCANE,VILQUE CHICO,2,5147811.54,5153156.63,MUNICIPALIDAD DISTRITAL DE VILQUE CHICO,PUNO,100.10383227821117
210701,PUNO,LAMPA,LAMPA,1,15144734.03,15176494.51,MUNICIPALIDAD PROVINCIAL DE LAMPA,PUNO,100.2097130259078
210702,PUNO,LAMPA,CABANILLA,2,4291410.67,4294794.06,MUNICIPALIDAD DISTRITAL DE CABANILLA,PUNO,100.07884097468582
210703,PUNO,LAMPA,CALAPUJA,2,1474995.52,1475650.3,MUNICIPALIDAD DISTRITAL DE CALAPUJA,PUNO,100.04439199923807
210704,PUNO,LAMPA,NICASIO,2,1759715.35,1760559.67,MUNICIPALIDAD DISTRITAL DE NICASIO,PUNO,100.04798048729869
210705,PUNO,LAMPA,OCUVIRI,2,3360708.04,3367937.0,MUNICIPALIDAD DISTRITAL DE OCUVIRI,PUNO,100.21510229136119
210706,PUNO,LAMPA,PALCA,2,2277504.58,2278721.81,MUNICIPALIDAD DISTRITAL DE PALCA,PUNO,100.05344577616611
210707,PUNO,LAMPA,PARATIA,2,3338245.57,3253223.79,MUNICIPALIDAD DISTRITAL DE PARATIA,PUNO,97.45309989282784
210708,PUNO,LAMPA,PUCARA,2,6531615.32,6533538.16,MUNICIPALIDAD DISTRITAL DE PUCARA,PUNO,100.02943896579629
210709,PUNO,LAMPA,SANTA LUCIA,2,6191116.78,6197714.66,MUNICIPALIDAD DISTRITAL DE SANTA LUCIA,PUNO,100.10657011060289
210710,PUNO,LAMPA,VILAVILA,2,1365263.28,1365795.75,MUNICIPALIDAD DISTRITAL DE VILAVILA,PUNO,100.03900126867838
210801,PUNO,MELGAR,AYAVIRI,1,32667484.96,32706966.98,MUNICIPALIDAD PROVINCIAL DE MELGAR - AYAVIRI,PUNO,100.12086029900479
210802,PUNO,MELGAR,ANTAUTA,2,15156095.31,15242107.89,MUNICIPALIDAD DISTRITAL DE ANTAUTA,PUNO,100.56751147469525
210803,PUNO,MELGAR,CUPI,2,2293422.35,2294301.19,MUNICIPALIDAD DISTRITAL DE CUPI,PUNO,100.03832002422057
210804,PUNO,MELGAR,LLALLI,2,2171035.62,2173248.73,MUNICIPALIDAD DISTRITAL DE LLALLI,PUNO,100.10193798662777
210805,PUNO,MELGAR,MACARI,2,6711804.84,6716990.89,MUNICIPALIDAD DISTRITAL DE MACARI,PUNO,100.07726759230383
210806,PUNO,MELGAR,NUÑOA,2,10056664.290000001,10064646.0,MUNICIPALIDAD DISTRITAL DE NUÑOA,PUNO,100.07936737043053
210807,PUNO,MELGAR,ORURILLO,2,9340737.15,9239122.12,MUNICIPALIDAD DISTRITAL DE ORURILLO,PUNO,98.91213050567426
210808,PUNO,MELGAR,SANTA ROSA,2,5267704.1,5190996.37,MUNICIPALIDAD DISTRITAL DE SANTA ROSA,PUNO,98.54381095551666
210809,PUNO,MELGAR,UMACHIRI,2,3202534.88,3205685.52,MUNICIPALIDAD DISTRITAL DE UMACHIRI,PUNO,100.09837956862472
210901,PUNO,MOHO,MOHO,1,9168622.28,9183765.16,MUNICIPALIDAD PROVINCIAL DE MOHO,PUNO,100.16515981940965
210902,PUNO,MOHO,CONIMA,2,1741740.47,1742833.8,MUNICIPALIDAD DISTRITAL DE CONIMA,PUNO,100.06277226824729
210903,PUNO,MOHO,HUAYRAPATA,2,1580461.01,1581464.72,MUNICIPALIDAD DISTRITAL DE HUAYRAPATA,PUNO,100.06350741926876
210904,PUNO,MOHO,TILALI,2,1434232.29,1391042.27,MUNICIPALIDAD DISTRITAL DE TILALI,PUNO,96.98863145801856
211001,PUNO,SAN ANTONIO DE PUTINA,PUTINA,1,19168601.51,19206384.94,MUNICIPALIDAD PROVINCIAL DE SAN ANTONIO DE PUTINA,PUNO,100.1971110410965
211002,PUNO,SAN ANTONIO DE PUTINA,ANANEA,2,14416684.01,14425281.97,MUNICIPALIDAD DISTRITAL DE ANANEA,PUNO,100.05963895715573
211003,PUNO,SAN ANTONIO DE PUTINA,PEDRO VILCA APAZA,2,2483978.35,2486835.94,MUNICIPALIDAD DISTRITAL DE PEDRO VILCA APAZA,PUNO,100.11504085774338
211004,PUNO,SAN ANTONIO DE PUTINA,QUILCAPUNCU,2,4759450.77,4771374.41,MUNICIPALIDAD DISTRITAL DE QUILCAPUNCU,PUNO,100.25052554540869
211005,PUNO,SAN ANTONIO DE PUTINA,SINA,2,2596154.36,2599889.32,MUNICIPALIDAD DISTRITAL DE SINA,PUNO,100.14386509745128
211101,PUNO,SAN ROMAN,JULIACA,1,136447798.46,136648899.77,MUNICIPALIDAD PROVINCIAL DE SAN ROMAN - JULIACA,PUNO,100.14738333067277
211102,PUNO,SAN ROMAN,CABANA,2,10177980.18,10142193.71,MUNICIPALIDAD DISTRITAL DE CABANA,PUNO,99.64839320408268
211103,PUNO,SAN ROMAN,CABANILLAS,2,6481692.96,6487910.35,MUNICIPALIDAD DISTRITAL DE CABANILLAS,PUNO,100.09592231595
211104,PUNO,SAN ROMAN,CARACOTO,2,7294231.7,7173859.180000001,MUNICIPALIDAD DISTRITAL DE CARACOTO,PUNO,98.34975738431781
211105,PUNO,SAN ROMAN,SAN MIGUEL,2,31443597.1,31473612.54,MUNICIPALIDAD DISTRITAL DE SAN MIGUEL,PUNO,100.0954580352386
211201,PUNO,SANDIA,SANDIA,1,18871643.1,18887285.44,MUNICIPALIDAD PROVINCIAL DE SANDIA,PUNO,100.08288806606353
211202,PUNO,SANDIA,CUYOCUYO,2,5091204.04,5093857.17,MUNICIPALIDAD DISTRITAL DE CUYOCUYO,PUNO,100.05211203438627
211203,PUNO,SANDIA,LIMBANI,2,5428751.01,5440368.03,MUNICIPALIDAD DISTRITAL DE LIMBANI,PUNO,100.21399065786221
211204,PUNO,SANDIA,PATAMBUCO,2,4089686.94,4096892.14,MUNICIPALIDAD DISTRITAL DE PATAMBUCO,PUNO,100.17617974445741
211205,PUNO,SANDIA,PHARA,2,5594472.06,5529077.27,MUNICIPALIDAD DISTRITAL DE PHARA,PUNO,98.83108201634312
211206,PUNO,SANDIA,QUIACA,2,3962562.27,3968230.57,MUNICIPALIDAD DISTRITAL DE QUIACA,PUNO,100.14304633249334
211207,PUNO,SANDIA,SAN JUAN DEL ORO,2,3405920.19,3407729.46,MUNICIPALIDAD DISTRITAL DE SAN JUAN DEL ORO,PUNO,100.05312132695629
211208,PUNO,SANDIA,YANAHUAYA,2,1695291.36,1696868.31,MUNICIPALIDAD DISTRITAL DE YANAHUAYA,PUNO,100.09301940876995
211209,PUNO,SANDIA,ALTO INAMBARI,2,6834183.4799999995,6841328.6,MUNICIPALIDAD DISTRITAL DE ALTO INAMBARI,PUNO,100.1045497244976
211210,PUNO,SANDIA,SAN PEDRO DE PUTINA PUNCO,2,8861895.99,8864866.76,MUNICIPALIDAD DISTRITAL DE SAN PEDRO DE PUTINA PUNCO,PUNO,100.03352296171555
211301,PUNO,YUNGUYO,YUNGUYO,1,23750140.42,23778341.32,MUNICIPALIDAD PROVINCIAL DE YUNGUYO,PUNO,100.11873992953848
211302,PUNO,YUNGUYO,ANAPIA,2,940279.97,940826.96,MUNICIPALIDAD DISTRITAL DE ANAPIA,PUNO,100.05817309923128
211303,PUNO,YUNGUYO,COPANI,2,2780018.0300000003,2782187.5100000002,MUNICIPALIDAD DISTRITAL DE COPANI,PUNO,100.07803834279449
211304,PUNO,YUNGUYO,CUTURAPI,2,739725.58,740641.06,MUNICIPALIDAD DISTRITAL DE CUTURAPI,PUNO,100.12375940818487
211305,PUNO,YUNGUYO,OLLARAYA,2,1691903.17,1692912.3,MUNICIPALIDAD DISTRITAL DE OLLARAYA,PUNO,100.05964466630795
211306,PUNO,YUNGUYO,TINICACHI,2,677630.01,678921.84,MUNICIPALIDAD DISTRITAL DE TINICACHI,PUNO,100.19063943168632
211307,PUNO,YUNGUYO,UNICACHI,2,990365.91,991150.13,MUNICIPALIDAD DISTRITAL DE UNICACHI,PUNO,100.07918487420473
220101,SAN MARTIN,MOYOBAMBA,MOYOBAMBA,1,50527676.24,50546915.62,MUNICIPALIDAD PROVINCIAL DE MOYOBAMBA,SAN MARTIN,100.0380769143402
220102,SAN MARTIN,MOYOBAMBA,CALZADA,2,2446023.68,2448050.52,MUNICIPALIDAD DISTRITAL DE CALZADA,SAN MARTIN,100.0828626483289
220103,SAN MARTIN,MOYOBAMBA,HABANA,2,1562150.46,1562993.83,MUNICIPALIDAD DISTRITAL DE HABANA,SAN MARTIN,100.05398775736366
220104,SAN MARTIN,MOYOBAMBA,JEPELACIO,2,7556235.59,7566846.79,MUNICIPALIDAD DISTRITAL DE JEPELACIO,SAN MARTIN,100.14042971362676
220105,SAN MARTIN,MOYOBAMBA,SORITOR,2,12165731.49,12068653.209999999,MUNICIPALIDAD DISTRITAL DE SORITOR,SAN MARTIN,99.20203499411608
220106,SAN MARTIN,MOYOBAMBA,YANTALO,2,1965051.07,1966313.1,MUNICIPALIDAD DISTRITAL DE YANTALO,SAN MARTIN,100.06422377612812
220201,SAN MARTIN,BELLAVISTA,BELLAVISTA,1,16739442.57,16742318.18,MUNICIPALIDAD PROVINCIAL DE BELLAVISTA,SAN MARTIN,100.01717864850023
220202,SAN MARTIN,BELLAVISTA,ALTO BIAVO,2,6888479.88,6819782.43,MUNICIPALIDAD DISTRITAL DE ALTO BIAVO,SAN MARTIN,99.00271974083199
220203,SAN MARTIN,BELLAVISTA,BAJO BIAVO,2,11743367.030000001,11749572.36,MUNICIPALIDAD DISTRITAL DE BAJO BIAVO,SAN MARTIN,100.05284114840443
220204,SAN MARTIN,BELLAVISTA,HUALLAGA,2,1912929.44,1913107.11,MUNICIPALIDAD DISTRITAL DE HUALLAGA,SAN MARTIN,100.00928784911167
220205,SAN MARTIN,BELLAVISTA,SAN PABLO,2,4176406.97,4114061.66,MUNICIPALIDAD DISTRITAL DE SAN PABLO,SAN MARTIN,98.50720223273643
220206,SAN MARTIN,BELLAVISTA,SAN RAFAEL,2,3797170.23,3798595.67,MUNICIPALIDAD DISTRITAL DE SAN RAFAEL,SAN MARTIN,100.03753953374905
220301,SAN MARTIN,EL DORADO,SAN JOSE DE SISA,1,12440729.299999999,12444713.629999999,MUNICIPALIDAD PROVINCIAL DE EL DORADO,SAN MARTIN,100.03202649863944
220302,SAN MARTIN,EL DORADO,AGUA BLANCA,2,1387901.55,1362651.5,MUNICIPALIDAD DISTRITAL DE AGUA BLANCA,SAN MARTIN,98.18070309093609
220303,SAN MARTIN,EL DORADO,SAN MARTIN,2,7914901.47,7810764.03,MUNICIPALIDAD DISTRITAL DE SAN MARTIN,SAN MARTIN,98.68428633767945
220304,SAN MARTIN,EL DORADO,SANTA ROSA,2,4316634.34,4318223.33,MUNICIPALIDAD DISTRITAL DE SANTA ROSA,SAN MARTIN,100.03681085481982
220305,SAN MARTIN,EL DORADO,SHATOJA,2,1876683.67,1877262.28,MUNICIPALIDAD DISTRITAL DE SHATOJA,SAN MARTIN,100.03083151461536
220401,SAN MARTIN,HUALLAGA,SAPOSOA,1,9212635.6,9215386.43,MUNICIPALIDAD PROVINCIAL DE HUALLAGA - SAPOSOA,SAN MARTIN,100.02985931626343
220402,SAN MARTIN,HUALLAGA,ALTO SAPOSOA,2,2268552.44,2269025.48,MUNICIPALIDAD DISTRITAL DE ALTO SAPOSOA,SAN MARTIN,100.02085206370631
220403,SAN MARTIN,HUALLAGA,EL ESLABON,2,1091368.66,1091510.6199999999,MUNICIPALIDAD DISTRITAL DE EL ESLABON,SAN MARTIN,100.01300752030023
220404,SAN MARTIN,HUALLAGA,PISCOYACU,2,2061627.08,2062034.84,MUNICIPALIDAD DISTRITAL DE PISCOYACU,SAN MARTIN,100.01977855277299
220405,SAN MARTIN,HUALLAGA,SACANCHE,2,1212341.24,1212648.23,MUNICIPALIDAD DISTRITAL DE SACANCHE,SAN MARTIN,100.02532207846035
220406,SAN MARTIN,HUALLAGA,TINGO DE SAPOSOA,2,700268.44,700403.84,MUNICIPALIDAD DISTRITAL DE TINGO DE SAPOSOA,SAN MARTIN,100.01933544227697
220501,SAN MARTIN,LAMAS,LAMAS,1,18102303.330000002,18110837.28,MUNICIPALIDAD PROVINCIAL DE LAMAS,SAN MARTIN,100.04714289582064
220502,SAN MARTIN,LAMAS,ALONSO DE ALVARADO,2,7292984.64,7296325.81,MUNICIPALIDAD DISTRITAL DE ALONSO DE ALVARADO,SAN MARTIN,100.04581347918484
220503,SAN MARTIN,LAMAS,BARRANQUITA,2,3588308.04,3589173.48,MUNICIPALIDAD DISTRITAL DE BARRANQUITA,SAN MARTIN,100.02411833071054
220504,SAN MARTIN,LAMAS,CAYNARACHI,2,4922190.3,4922889.23,MUNICIPALIDAD DISTRITAL DE CAYNARACHI,SAN MARTIN,100.01419957290153
220505,SAN MARTIN,LAMAS,CUÑUMBUQUI,2,2006227.1,2006694.11,MUNICIPALIDAD DISTRITAL DE CUÑUMBUQUI,SAN MARTIN,100.02327802271238
220506,SAN MARTIN,LAMAS,PINTO RECODO,2,4961454.01,4961806.64,MUNICIPALIDAD DISTRITAL DE PINTO RECODO,SAN MARTIN,100.00710739229446
220507,SAN MARTIN,LAMAS,RUMISAPA,2,1859056.2,1859538.2,MUNICIPALIDAD DISTRITAL DE RUMISAPA,SAN MARTIN,100.02592713442445
220508,SAN MARTIN,LAMAS,SAN ROQUE DE CUMBAZA,2,1455388.35,1455575.59,MUNICIPALIDAD DISTRITAL DE SAN ROQUE DE CUMBAZA,SAN MARTIN,100.01286529468234
220509,SAN MARTIN,LAMAS,SHANAO,2,1305656.71,1305865.95,MUNICIPALIDAD DISTRITAL DE SHANAO,SAN MARTIN,100.0160256519495
220510,SAN MARTIN,LAMAS,TABALOSOS,2,5832988.16,5833370.95,MUNICIPALIDAD DISTRITAL DE TABALOSOS,SAN MARTIN,100.00656250260586
220511,SAN MARTIN,LAMAS,ZAPATERO,2,3268397.79,3270385.68,MUNICIPALIDAD DISTRITAL DE ZAPATERO,SAN MARTIN,100.06082154400184
220601,SAN MARTIN,MARISCAL CACERES,JUANJUI,1,23425469.72,23432798.55,MUNICIPALIDAD PROVINCIAL DE MARISCAL CACERES - JUANJUI,SAN MARTIN,100.03128573338167
220602,SAN MARTIN,MARISCAL CACERES,CAMPANILLA,2,6755708.17,6758092.39,MUNICIPALIDAD DISTRITAL DE CAMPANILLA,SAN MARTIN,100.03529193298472
220603,SAN MARTIN,MARISCAL CACERES,HUICUNGO,2,4321011.94,4322585.49,MUNICIPALIDAD DISTRITAL DE HUICUNGO,SAN MARTIN,100.0364162381833
220604,SAN MARTIN,MARISCAL CACERES,PACHIZA,2,2835977.2,2836475.36,MUNICIPALIDAD DISTRITAL DE PACHIZA,SAN MARTIN,100.01756572655097
220605,SAN MARTIN,MARISCAL CACERES,PAJARILLO,2,2885598.92,2887427.89,MUNICIPALIDAD DISTRITAL DE PAJARILLO,SAN MARTIN,100.06338268244154
220701,SAN MARTIN,PICOTA,PICOTA,1,9813893.47,9826866.69,MUNICIPALIDAD PROVINCIAL DE PICOTA,SAN MARTIN,100.13219238663693
220702,SAN MARTIN,PICOTA,BUENOS AIRES,2,1502548.09,1502969.27,MUNICIPALIDAD DISTRITAL DE BUENOS AIRES,SAN MARTIN,100.02803104957525
220703,SAN MARTIN,PICOTA,CASPISAPA,2,860847.47,861092.85,MUNICIPALIDAD DISTRITAL DE CASPISAPA,SAN MARTIN,100.02850446897405
220704,SAN MARTIN,PICOTA,PILLUANA,2,752401.97,752696.73,MUNICIPALIDAD DISTRITAL DE PILLUANA,SAN MARTIN,100.03917586765489
220705,SAN MARTIN,PICOTA,PUCACACA,2,1337187.98,1338024.18,MUNICIPALIDAD DISTRITAL DE PUCACACA,SAN MARTIN,100.06253421452382
220706,SAN MARTIN,PICOTA,SAN CRISTOBAL,2,661552.14,652893.27,MUNICIPALIDAD DISTRITAL DE SAN CRISTOBAL,SAN MARTIN,98.69112810972088
220707,SAN MARTIN,PICOTA,SAN HILARION,2,1922605.33,1923535.21,MUNICIPALIDAD DISTRITAL DE SAN HILARION,SAN MARTIN,100.04836562062376
220708,SAN MARTIN,PICOTA,SHAMBOYACU,2,5075434.97,5036138.45,MUNICIPALIDAD DISTRITAL DE SHAMBOYACU,SAN MARTIN,99.22575069462471
220709,SAN MARTIN,PICOTA,TINGO DE PONASA,2,1685972.99,1686257.56,MUNICIPALIDAD DISTRITAL DE TINGO DE PONASA,SAN MARTIN,100.01687868083818
220710,SAN MARTIN,PICOTA,TRES UNIDOS,2,1986752.52,1946724.88,MUNICIPALIDAD DISTRITAL DE TRES UNIDOS,SAN MARTIN,97.98527297199553
220801,SAN MARTIN,RIOJA,RIOJA,1,26080055.46,26106126.48,MUNICIPALIDAD PROVINCIAL DE RIOJA,SAN MARTIN,100.09996535490495
220802,SAN MARTIN,RIOJA,AWAJUN,2,5412387.22,5415430.08,MUNICIPALIDAD DISTRITAL DE AWAJUN,SAN MARTIN,100.05622029386139
220803,SAN MARTIN,RIOJA,ELIAS SOPLIN VARGAS,2,11420619.91,11426145.54,MUNICIPALIDAD DISTRITAL DE ELIAS SOPLIN VARGAS,SAN MARTIN,100.0483829253013
220804,SAN MARTIN,RIOJA,NUEVA CAJAMARCA,2,21782361.07,21787828.47,MUNICIPALIDAD DISTRITAL DE NUEVA CAJAMARCA,SAN MARTIN,100.0251001256587
220805,SAN MARTIN,RIOJA,PARDO MIGUEL,2,10400769.85,10403764.64,MUNICIPALIDAD DISTRITAL DE PARDO MIGUEL,SAN MARTIN,100.0287939262496
220806,SAN MARTIN,RIOJA,POSIC,2,1460834.59,1461603.44,MUNICIPALIDAD DISTRITAL DE POSIC,SAN MARTIN,100.05263087315039
220807,SAN MARTIN,RIOJA,SAN FERNANDO,2,1923498.4200000002,1925106.26,MUNICIPALIDAD DISTRITAL DE SAN FERNANDO,SAN MARTIN,100.08358935901802
220808,SAN MARTIN,RIOJA,YORONGOS,2,1961402.21,1961952.43,MUNICIPALIDAD DISTRITAL DE YORONGOS,SAN MARTIN,100.02805237993486
220809,SAN MARTIN,RIOJA,YURACYACU,2,2260177.0,2263975.15,MUNICIPALIDAD DISTRITAL DE YURACYACU,SAN MARTIN,100.16804657334359
220901,SAN MARTIN,SAN MARTIN,TARAPOTO,1,47272118.07,47289678.25,MUNICIPALIDAD PROVINCIAL DE SAN MARTIN - TARAPOTO,SAN MARTIN,100.03714701332824
220902,SAN MARTIN,SAN MARTIN,ALBERTO LEVEAU,2,624968.91,625176.64,MUNICIPALIDAD DISTRITAL DE ALBERTO LEVEAU,SAN MARTIN,100.03323845341362
220903,SAN MARTIN,SAN MARTIN,CACATACHI,2,1459898.66,1460136.71,MUNICIPALIDAD DISTRITAL DE CACATACHI,SAN MARTIN,100.01630592633053
220904,SAN MARTIN,SAN MARTIN,CHAZUTA,2,2564705.66,2565423.75,MUNICIPALIDAD DISTRITAL DE CHAZUTA,SAN MARTIN,100.02799892444577
220905,SAN MARTIN,SAN MARTIN,CHIPURANA,2,851758.15,851903.4299999999,MUNICIPALIDAD DISTRITAL DE CHIPURANA,SAN MARTIN,100.0170564848719
220906,SAN MARTIN,SAN MARTIN,EL PORVENIR,2,1198996.48,1199117.03,MUNICIPALIDAD DISTRITAL DE EL PORVENIR,SAN MARTIN,100.01005424136024
220907,SAN MARTIN,SAN MARTIN,HUIMBAYOC,2,1850641.63,1851210.34,MUNICIPALIDAD DISTRITAL DE HUIMBAYOC,SAN MARTIN,100.03073042293985
220908,SAN MARTIN,SAN MARTIN,JUAN GUERRA,2,1725415.85,1725674.74,MUNICIPALIDAD DISTRITAL DE JUAN GUERRA,SAN MARTIN,100.01500449877054
220909,SAN MARTIN,SAN MARTIN,LA BANDA DE SHILCAYO,2,18084541.8,17932113.01,MUNICIPALIDAD DISTRITAL DE LA BANDA DE SHILCAYO,SAN MARTIN,99.15713214254619
220910,SAN MARTIN,SAN MARTIN,MORALES,2,13350376.58,13169580.38,MUNICIPALIDAD DISTRITAL DE MORALES,SAN MARTIN,98.64575954905386
220911,SAN MARTIN,SAN MARTIN,PAPAPLAYA,2,976384.36,976551.21,MUNICIPALIDAD DISTRITAL DE PAPAPLAYA,SAN MARTIN,100.01708855721532
220912,SAN MARTIN,SAN MARTIN,SAN ANTONIO,2,768913.15,769224.23,MUNICIPALIDAD DISTRITAL DE SAN ANTONIO,SAN MARTIN,100.04045710494091
220913,SAN MARTIN,SAN MARTIN,SAUCE,2,2796231.02,2797012.02,MUNICIPALIDAD DISTRITAL DE SAUCE,SAN MARTIN,100.02793045332857
220914,SAN MARTIN,SAN MARTIN,SHAPAJA,2,687102.24,687226.0599999999,MUNICIPALIDAD DISTRITAL DE SHAPAJA,SAN MARTIN,100.01802060782104
221001,SAN MARTIN,TOCACHE,TOCACHE,1,28923261.59,28944233.46,MUNICIPALIDAD PROVINCIAL DE TOCACHE,SAN MARTIN,100.07250866204954
221002,SAN MARTIN,TOCACHE,NUEVO PROGRESO,2,6115297.8,6116541.35,MUNICIPALIDAD DISTRITAL DE NUEVO PROGRESO,SAN MARTIN,100.02033506855545
221003,SAN MARTIN,TOCACHE,POLVORA,2,7691236.22,7693396.24,MUNICIPALIDAD DISTRITAL DE POLVORA,SAN MARTIN,100.02808417188362
221004,SAN MARTIN,TOCACHE,SHUNTE,2,1244188.21,1244380.29,MUNICIPALIDAD DISTRITAL DE SHUNTE,SAN MARTIN,100.01543817876237
221005,SAN MARTIN,TOCACHE,UCHIZA,2,8483270.21,8434046.98,MUNICIPALIDAD DISTRITAL DE UCHIZA,SAN MARTIN,99.41976114421091
221006,SAN MARTIN,TOCACHE,SANTA LUCIA,2,2320614.81,2322330.27,MUNICIPALIDAD DISTRITAL DE SANTA LUCIA,SAN MARTIN,100.07392265155801
230101,TACNA,TACNA,TACNA,1,149846181.06,150028287.49,MUNICIPALIDAD PROVINCIAL DE TACNA,TACNA,100.12152890965375
230102,TACNA,TACNA,ALTO DE LA ALIANZA,2,37868152.68,37965917.28,MUNICIPALIDAD DISTRITAL DE ALTO DE LA ALIANZA,TACNA,100.25817103048608
230103,TACNA,TACNA,CALANA,2,6639953.22,6651970.17,MUNICIPALIDAD DISTRITAL DE CALANA,TACNA,100.18097943768345
230104,TACNA,TACNA,CIUDAD NUEVA,2,30687923.27,30742078.93,MUNICIPALIDAD DISTRITAL DE CIUDAD NUEVA,TACNA,100.17647222173858
230105,TACNA,TACNA,INCLAN,2,9957696.64,9967174.21,MUNICIPALIDAD DISTRITAL DE INCLAN,TACNA,100.09517833634266
230106,TACNA,TACNA,PACHIA,2,5984653.51,5987828.78,MUNICIPALIDAD DISTRITAL DE PACHIA,TACNA,100.05305687279463
230107,TACNA,TACNA,PALCA,2,12623405.72,12633179.56,MUNICIPALIDAD DISTRITAL DE PALCA,TACNA,100.07742633182195
230108,TACNA,TACNA,POCOLLAY,2,25024378.74,25056051.89,MUNICIPALIDAD DISTRITAL DE POCOLLAY,TACNA,100.12656917611854
230109,TACNA,TACNA,SAMA,2,14188422.950000001,14239032.58,MUNICIPALIDAD DISTRITAL DE SAMA,TACNA,100.3566966545778
230110,TACNA,TACNA,CORONEL GREGORIO ALBARRACIN LANCHIPA,2,155125076.05,155215568.56,MUNICIPALIDAD DISTRITAL DE CORONEL GREGORIO ALBARRACIN LANCHIPA,TACNA,100.05833519138505
230111,TACNA,TACNA,LA YARADA LOS PALOS,2,25166193.75,25196379.419999998,MUNICIPALIDAD DISTRITAL DE LA YARADA LOS PALOS,TACNA,100.1199453135419
230201,TACNA,CANDARAVE,CANDARAVE,1,7663911.81,7682105.92,MUNICIPALIDAD PROVINCIAL DE CANDARAVE,TACNA,100.23739978291843
230202,TACNA,CANDARAVE,CAIRANI,2,1544348.88,1545974.29,MUNICIPALIDAD DISTRITAL DE CAIRANI,TACNA,100.1052488865081
230203,TACNA,CANDARAVE,CAMILACA,2,4095097.28,4097662.15,MUNICIPALIDAD DISTRITAL DE CAMILACA,TACNA,100.0626327001443
230204,TACNA,CANDARAVE,CURIBAYA,2,1720811.9,1723094.07,MUNICIPALIDAD DISTRITAL DE CURIBAYA,TACNA,100.13262170025672
230205,TACNA,CANDARAVE,HUANUARA,2,1432752.38,1433476.21,MUNICIPALIDAD DISTRITAL DE HUANUARA,TACNA,100.05052024411923
230206,TACNA,CANDARAVE,QUILAHUANI,2,2347167.69,2347777.9899999998,MUNICIPALIDAD DISTRITAL DE QUILAHUANI,TACNA,100.02600155083081
230301,TACNA,JORGE BASADRE,LOCUMBA,1,75371803.52,75718858.13,MUNICIPALIDAD PROVINCIAL DE JORGE BASADRE - LOCUMBA,TACNA,100.46045682044468
230302,TACNA,JORGE BASADRE,ILABAYA,2,161545815.31,161912500.23,MUNICIPALIDAD DISTRITAL DE ILABAYA,TACNA,100.22698509354534
230303,TACNA,JORGE BASADRE,ITE,2,68429348.61999999,68573806.94,MUNICIPALIDAD DISTRITAL DE ITE,TACNA,100.2111057943898
230401,TACNA,TARATA,TARATA,1,5677100.32,5682063.24,MUNICIPALIDAD PROVINCIAL DE TARATA,TACNA,100.08741998062841
230402,TACNA,TARATA,HEROES ALBARRACIN,2,1914293.49,1916187.33,MUNICIPALIDAD DISTRITAL  HEROES ALBARRACIN - CHUCATAMANI,TACNA,100.0989315384445
230403,TACNA,TARATA,ESTIQUE,2,956227.98,956690.39,MUNICIPALIDAD DISTRITAL DE ESTIQUE,TACNA,100.0483577148621
230404,TACNA,TARATA,ESTIQUE-PAMPA,2,853068.84,853496.5599999999,MUNICIPALIDAD DISTRITAL DE ESTIQUE PAMPA,TACNA,100.050138978233
230405,TACNA,TARATA,SITAJARA,2,1115365.16,1117188.7,MUNICIPALIDAD DISTRITAL DE SITAJARA,TACNA,100.1634926448662
230406,TACNA,TARATA,SUSAPAYA,2,1400657.18,1401478.98,MUNICIPALIDAD DISTRITAL DE SUSAPAYA,TACNA,100.0586724583099
230407,TACNA,TARATA,TARUCACHI,2,1477363.87,1477655.58,MUNICIPALIDAD DISTRITAL DE TARUCACHI,TACNA,100.01974530485843
230408,TACNA,TARATA,TICACO,2,2150021.2600000002,2151131.4699999997,MUNICIPALIDAD DISTRITAL DE TICACO,TACNA,100.0516371638111
240101,TUMBES,TUMBES,TUMBES,1,60363106.05,60423205.11,MUNICIPALIDAD PROVINCIAL DE TUMBES,TUMBES,100.0995625704718
240102,TUMBES,TUMBES,CORRALES,2,11931931.53,11951558.43,MUNICIPALIDAD DISTRITAL DE CORRALES,TUMBES,100.16449055168188
240103,TUMBES,TUMBES,LA CRUZ,2,4941827.72,4942534.67,MUNICIPALIDAD DISTRITAL DE LA CRUZ,TUMBES,100.0143054359653
240104,TUMBES,TUMBES,PAMPAS DE HOSPITAL,2,4720176.49,4726247.58,MUNICIPALIDAD DISTRITAL DE PAMPAS DE HOSPITAL,TUMBES,100.12861997878389
240105,TUMBES,TUMBES,SAN JACINTO,2,4965807.83,4970015.56,MUNICIPALIDAD DISTRITAL DE SAN JACINTO,TUMBES,100.08473404819613
240106,TUMBES,TUMBES,SAN JUAN DE LA VIRGEN,2,2579391.52,2583513.51,MUNICIPALIDAD DISTRITAL DE SAN JUAN DE LA VIRGEN,TUMBES,100.15980474340707
240201,TUMBES,CONTRALMIRANTE VILLAR,ZORRITOS,1,24956695.42,25000468.93,MUNICIPALIDAD PROVINCIAL DE CONTRALMIRANTE VILLAR,TUMBES,100.17539786122853
240202,TUMBES,CONTRALMIRANTE VILLAR,CASITAS,2,7018487.33,7031555.930000001,MUNICIPALIDAD DISTRITAL DE CASITAS,TUMBES,100.18620251609119
240203,TUMBES,CONTRALMIRANTE VILLAR,CANOAS DE PUNTA SAL,2,15436377.42,15439599.73,MUNICIPALIDAD DISTRITAL CANOAS DE PUNTA SAL,TUMBES,100.02087478112465
240301,TUMBES,ZARUMILLA,ZARUMILLA,1,32350196.68,31424219.11,MUNICIPALIDAD PROVINCIAL DE ZARUMILLA,TUMBES,97.13764469762104
240302,TUMBES,ZARUMILLA,AGUAS VERDES,2,19100404.39,19140325.4,MUNICIPALIDAD DISTRITAL DE AGUAS VERDES,TUMBES,100.20900609843055
240303,TUMBES,ZARUMILLA,MATAPALO,2,5027360.06,5033188.45,MUNICIPALIDAD DISTRITAL DE MATAPALO,TUMBES,100.1159334109839
240304,TUMBES,ZARUMILLA,PAPAYAL,2,7418831.38,7448226.64,MUNICIPALIDAD DISTRITAL DE PAPAYAL,TUMBES,100.3962249375184
250101,UCAYALI,CORONEL PORTILLO,CALLERIA,1,143398691.28,143534059.27,MUNICIPALIDAD PROVINCIAL DE CORONEL PORTILLO,UCAYALI,100.09439973879239
250102,UCAYALI,CORONEL PORTILLO,CAMPOVERDE,2,14387833.01,14394130.63,MUNICIPALIDAD DISTRITAL DE CAMPOVERDE,UCAYALI,100.04377045518684
250103,UCAYALI,CORONEL PORTILLO,IPARIA,2,13323716.3,13206341.25,MUNICIPALIDAD DISTRITAL DE IPARIA,UCAYALI,99.11905171682467
250104,UCAYALI,CORONEL PORTILLO,MASISEA,2,14308820.64,14319767.47,MUNICIPALIDAD DISTRITAL DE MASISEA,UCAYALI,100.0765040688916
250105,UCAYALI,CORONEL PORTILLO,YARINACOCHA,2,52775390.48,52855980.35,MUNICIPALIDAD DISTRITAL DE YARINACOCHA,UCAYALI,100.15270350302863
250106,UCAYALI,CORONEL PORTILLO,NUEVA REQUENA,2,5846541.55,5861192.29,MUNICIPALIDAD DISTRITAL DE NUEVA REQUENA,UCAYALI,100.25058814471267
250107,UCAYALI,CORONEL PORTILLO,MANANTAY,2,42236111.03,42285653.97,MUNICIPALIDAD DISTRITAL DE MANANTAY,UCAYALI,100.11729995681848
250201,UCAYALI,ATALAYA,RAIMONDI,1,67980096.01,68169502.63,MUNICIPALIDAD PROVINCIAL DE ATALAYA - RAYMONDI,UCAYALI,100.27862070093595
250202,UCAYALI,ATALAYA,SEPAHUA,2,15410304.01,15414317.85,MUNICIPALIDAD DISTRITAL DE SEPAHUA,UCAYALI,100.0260464686316
250203,UCAYALI,ATALAYA,TAHUANIA,2,18748770.36,18755892.79,MUNICIPALIDAD DISTRITAL DE TAHUANIA,UCAYALI,100.03798878466823
250204,UCAYALI,ATALAYA,YURUA,2,11151004.75,11182479.75,MUNICIPALIDAD DISTRITAL DE YURUA,UCAYALI,100.28226156033159
250301,UCAYALI,PADRE ABAD,PADRE ABAD,1,28506042.9,28510589.38,MUNICIPALIDAD PROVINCIAL DE PADRE ABAD - AGUAITIA,UCAYALI,100.01594917967377
250302,UCAYALI,PADRE ABAD,IRAZOLA,2,7606674.09,7612875.69,MUNICIPALIDAD DISTRITAL DE IRAZOLA,UCAYALI,100.08152840422272
250303,UCAYALI,PADRE ABAD,CURIMANA,2,8438176.65,8449311.69,MUNICIPALIDAD DISTRITAL DE CURIMANA,UCAYALI,100.13196026181794
250304,UCAYALI,PADRE ABAD,NESHUYA,2,6775925.79,6777326.73,MUNICIPALIDAD DISTRITAL DE NESHUYA,UCAYALI,100.02067525594904
250305,UCAYALI,PADRE ABAD,ALEXANDER VON HUMBOLDT,2,3600938.85,3601797.5100000002,MUNICIPALIDAD DISTRITAL DE ALEXANDER VON HUMBOLDT,UCAYALI,100.02384544797255
250306,UCAYALI,PADRE ABAD,HUIPOCA,2,2664619.36,2666036.14,MUNICIPALIDAD DISTRITAL DE HUIPOCA,UCAYALI,100.05317007079016
250307,UCAYALI,PADRE ABAD,BOQUERON,2,2933388.9,2933615.34,MUNICIPALIDAD DISTRITAL DE BOQUERON,UCAYALI,100.00771939922457
250401,UCAYALI,PURUS,PURUS,1,9795431.23,9809820.99,MUNICIPALIDAD PROVINCIAL DE PURUS,UCAYALI,100.14690277193645
